whose,ticket,position,value
your,22,0,89
your,22,1,193
your,22,2,59
your,22,3,179
your,22,4,191
your,22,5,173
your,22,6,61
your,22,7,73
your,22,8,181
your,22,9,67
your,22,10,71
your,22,11,109
your,22,12,53
your,22,13,79
your,22,14,83
your,22,15,113
your,22,16,107
your,22,17,139
your,22,18,131
your,22,19,137
nearby,25,0,499
nearby,25,1,362
nearby,25,2,657
nearby,25,3,143
nearby,25,4,723
nearby,25,5,763
nearby,25,6,935
nearby,25,7,454
nearby,25,8,473
nearby,25,9,586
nearby,25,10,372
nearby,25,11,489
nearby,25,12,214
nearby,25,13,753
nearby,25,14,765
nearby,25,15,65
nearby,25,16,307
nearby,25,17,56
nearby,25,18,853
nearby,25,19,934
nearby,26,0,228
nearby,26,1,664
nearby,26,2,709
nearby,26,3,361
nearby,26,4,856
nearby,26,5,645
nearby,26,6,363
nearby,26,7,171
nearby,26,8,901
nearby,26,9,199
nearby,26,10,62
nearby,26,11,513
nearby,26,12,667
nearby,26,13,808
nearby,26,14,350
nearby,26,15,890
nearby,26,16,715
nearby,26,17,687
nearby,26,18,257
nearby,26,19,721
nearby,27,0,531
nearby,27,1,490
nearby,27,2,628
nearby,27,3,88
nearby,27,4,947
nearby,27,5,252
nearby,27,6,832
nearby,27,7,917
nearby,27,8,686
nearby,27,9,571
nearby,27,10,362
nearby,27,11,874
nearby,27,12,837
nearby,27,13,588
nearby,27,14,849
nearby,27,15,140
nearby,27,16,655
nearby,27,17,407
nearby,27,18,90
nearby,27,19,611
nearby,28,0,777
nearby,28,1,194
nearby,28,2,111
nearby,28,3,386
nearby,28,4,90
nearby,28,5,598
nearby,28,6,153
nearby,28,7,363
nearby,28,8,373
nearby,28,9,566
nearby,28,10,191
nearby,28,11,945
nearby,28,12,559
nearby,28,13,819
nearby,28,14,289
nearby,28,15,487
nearby,28,16,480
nearby,28,17,590
nearby,28,18,691
nearby,28,19,756
nearby,29,0,186
nearby,29,1,366
nearby,29,2,196
nearby,29,3,844
nearby,29,4,655
nearby,29,5,659
nearby,29,6,845
nearby,29,7,109
nearby,29,8,355
nearby,29,9,330
nearby,29,10,71
nearby,29,11,176
nearby,29,12,397
nearby,29,13,380
nearby,29,14,822
nearby,29,15,776
nearby,29,16,369
nearby,29,17,447
nearby,29,18,658
nearby,29,19,949
nearby,30,0,783
nearby,30,1,763
nearby,30,2,570
nearby,30,3,184
nearby,30,4,260
nearby,30,5,448
nearby,30,6,856
nearby,30,7,717
nearby,30,8,913
nearby,30,9,646
nearby,30,10,774
nearby,30,11,657
nearby,30,12,841
nearby,30,13,917
nearby,30,14,910
nearby,30,15,193
nearby,30,16,941
nearby,30,17,408
nearby,30,18,110
nearby,30,19,577
nearby,31,0,378
nearby,31,1,832
nearby,31,2,670
nearby,31,3,59
nearby,31,4,155
nearby,31,5,911
nearby,31,6,209
nearby,31,7,74
nearby,31,8,57
nearby,31,9,947
nearby,31,10,144
nearby,31,11,514
nearby,31,12,411
nearby,31,13,89
nearby,31,14,690
nearby,31,15,856
nearby,31,16,854
nearby,31,17,286
nearby,31,18,597
nearby,31,19,132
nearby,32,0,319
nearby,32,1,684
nearby,32,2,204
nearby,32,3,909
nearby,32,4,342
nearby,32,5,206
nearby,32,6,204
nearby,32,7,943
nearby,32,8,620
nearby,32,9,52
nearby,32,10,516
nearby,32,11,115
nearby,32,12,430
nearby,32,13,319
nearby,32,14,84
nearby,32,15,618
nearby,32,16,593
nearby,32,17,211
nearby,32,18,596
nearby,32,19,581
nearby,33,0,66
nearby,33,1,146
nearby,33,2,910
nearby,33,3,225
nearby,33,4,107
nearby,33,5,112
nearby,33,6,918
nearby,33,7,679
nearby,33,8,255
nearby,33,9,757
nearby,33,10,125
nearby,33,11,946
nearby,33,12,863
nearby,33,13,892
nearby,33,14,78
nearby,33,15,525
nearby,33,16,373
nearby,33,17,913
nearby,33,18,87
nearby,33,19,838
nearby,34,0,674
nearby,34,1,653
nearby,34,2,588
nearby,34,3,220
nearby,34,4,448
nearby,34,5,941
nearby,34,6,112
nearby,34,7,924
nearby,34,8,474
nearby,34,9,358
nearby,34,10,513
nearby,34,11,649
nearby,34,12,766
nearby,34,13,500
nearby,34,14,847
nearby,34,15,197
nearby,34,16,639
nearby,34,17,836
nearby,34,18,373
nearby,34,19,573
nearby,35,0,76
nearby,35,1,115
nearby,35,2,776
nearby,35,3,726
nearby,35,4,598
nearby,35,5,361
nearby,35,6,480
nearby,35,7,772
nearby,35,8,356
nearby,35,9,129
nearby,35,10,506
nearby,35,11,380
nearby,35,12,202
nearby,35,13,810
nearby,35,14,932
nearby,35,15,756
nearby,35,16,408
nearby,35,17,81
nearby,35,18,786
nearby,35,19,889
nearby,36,0,311
nearby,36,1,620
nearby,36,2,848
nearby,36,3,357
nearby,36,4,483
nearby,36,5,754
nearby,36,6,181
nearby,36,7,300
nearby,36,8,284
nearby,36,9,60
nearby,36,10,259
nearby,36,11,674
nearby,36,12,596
nearby,36,13,289
nearby,36,14,397
nearby,36,15,113
nearby,36,16,894
nearby,36,17,82
nearby,36,18,291
nearby,36,19,754
nearby,37,0,84
nearby,37,1,600
nearby,37,2,751
nearby,37,3,223
nearby,37,4,595
nearby,37,5,478
nearby,37,6,198
nearby,37,7,2
nearby,37,8,402
nearby,37,9,428
nearby,37,10,355
nearby,37,11,517
nearby,37,12,947
nearby,37,13,933
nearby,37,14,624
nearby,37,15,59
nearby,37,16,598
nearby,37,17,711
nearby,37,18,752
nearby,37,19,513
nearby,38,0,286
nearby,38,1,664
nearby,38,2,786
nearby,38,3,775
nearby,38,4,510
nearby,38,5,363
nearby,38,6,666
nearby,38,7,229
nearby,38,8,914
nearby,38,9,938
nearby,38,10,196
nearby,38,11,509
nearby,38,12,410
nearby,38,13,528
nearby,38,14,681
nearby,38,15,943
nearby,38,16,477
nearby,38,17,850
nearby,38,18,640
nearby,38,19,595
nearby,39,0,365
nearby,39,1,17
nearby,39,2,624
nearby,39,3,375
nearby,39,4,640
nearby,39,5,483
nearby,39,6,208
nearby,39,7,258
nearby,39,8,189
nearby,39,9,222
nearby,39,10,889
nearby,39,11,655
nearby,39,12,852
nearby,39,13,326
nearby,39,14,109
nearby,39,15,428
nearby,39,16,758
nearby,39,17,616
nearby,39,18,889
nearby,39,19,288
nearby,40,0,566
nearby,40,1,195
nearby,40,2,201
nearby,40,3,949
nearby,40,4,205
nearby,40,5,517
nearby,40,6,672
nearby,40,7,762
nearby,40,8,180
nearby,40,9,886
nearby,40,10,679
nearby,40,11,63
nearby,40,12,596
nearby,40,13,664
nearby,40,14,678
nearby,40,15,596
nearby,40,16,894
nearby,40,17,384
nearby,40,18,321
nearby,40,19,212
nearby,41,0,576
nearby,41,1,316
nearby,41,2,480
nearby,41,3,579
nearby,41,4,925
nearby,41,5,328
nearby,41,6,498
nearby,41,7,194
nearby,41,8,191
nearby,41,9,132
nearby,41,10,106
nearby,41,11,863
nearby,41,12,210
nearby,41,13,416
nearby,41,14,351
nearby,41,15,663
nearby,41,16,643
nearby,41,17,218
nearby,41,18,366
nearby,41,19,942
nearby,42,0,776
nearby,42,1,60
nearby,42,2,256
nearby,42,3,400
nearby,42,4,368
nearby,42,5,664
nearby,42,6,469
nearby,42,7,53
nearby,42,8,949
nearby,42,9,689
nearby,42,10,569
nearby,42,11,253
nearby,42,12,319
nearby,42,13,717
nearby,42,14,387
nearby,42,15,591
nearby,42,16,845
nearby,42,17,66
nearby,42,18,499
nearby,42,19,566
nearby,43,0,620
nearby,43,1,831
nearby,43,2,379
nearby,43,3,712
nearby,43,4,614
nearby,43,5,176
nearby,43,6,682
nearby,43,7,666
nearby,43,8,83
nearby,43,9,197
nearby,43,10,438
nearby,43,11,916
nearby,43,12,535
nearby,43,13,504
nearby,43,14,218
nearby,43,15,377
nearby,43,16,627
nearby,43,17,155
nearby,43,18,429
nearby,43,19,855
nearby,44,0,853
nearby,44,1,525
nearby,44,2,865
nearby,44,3,487
nearby,44,4,190
nearby,44,5,940
nearby,44,6,810
nearby,44,7,251
nearby,44,8,786
nearby,44,9,618
nearby,44,10,895
nearby,44,11,580
nearby,44,12,908
nearby,44,13,86
nearby,44,14,578
nearby,44,15,136
nearby,44,16,781
nearby,44,17,562
nearby,44,18,498
nearby,44,19,759
nearby,45,0,671
nearby,45,1,625
nearby,45,2,256
nearby,45,3,592
nearby,45,4,177
nearby,45,5,500
nearby,45,6,523
nearby,45,7,50
nearby,45,8,443
nearby,45,9,692
nearby,45,10,650
nearby,45,11,128
nearby,45,12,441
nearby,45,13,832
nearby,45,14,626
nearby,45,15,491
nearby,45,16,252
nearby,45,17,405
nearby,45,18,661
nearby,45,19,756
nearby,46,0,597
nearby,46,1,722
nearby,46,2,922
nearby,46,3,721
nearby,46,4,319
nearby,46,5,388
nearby,46,6,653
nearby,46,7,484
nearby,46,8,83
nearby,46,9,142
nearby,46,10,781
nearby,46,11,451
nearby,46,12,106
nearby,46,13,499
nearby,46,14,515
nearby,46,15,672
nearby,46,16,113
nearby,46,17,374
nearby,46,18,911
nearby,46,19,311
nearby,47,0,211
nearby,47,1,716
nearby,47,2,176
nearby,47,3,715
nearby,47,4,627
nearby,47,5,286
nearby,47,6,327
nearby,47,7,531
nearby,47,8,566
nearby,47,9,587
nearby,47,10,916
nearby,47,11,431
nearby,47,12,57
nearby,47,13,371
nearby,47,14,894
nearby,47,15,677
nearby,47,16,778
nearby,47,17,193
nearby,47,18,710
nearby,47,19,447
nearby,48,0,559
nearby,48,1,508
nearby,48,2,196
nearby,48,3,178
nearby,48,4,844
nearby,48,5,78
nearby,48,6,114
nearby,48,7,662
nearby,48,8,142
nearby,48,9,558
nearby,48,10,514
nearby,48,11,378
nearby,48,12,375
nearby,48,13,694
nearby,48,14,718
nearby,48,15,314
nearby,48,16,384
nearby,48,17,89
nearby,48,18,816
nearby,48,19,562
nearby,49,0,290
nearby,49,1,578
nearby,49,2,105
nearby,49,3,478
nearby,49,4,229
nearby,49,5,260
nearby,49,6,752
nearby,49,7,496
nearby,49,8,187
nearby,49,9,937
nearby,49,10,137
nearby,49,11,898
nearby,49,12,69
nearby,49,13,399
nearby,49,14,980
nearby,49,15,638
nearby,49,16,441
nearby,49,17,84
nearby,49,18,589
nearby,49,19,574
nearby,50,0,413
nearby,50,1,592
nearby,50,2,841
nearby,50,3,498
nearby,50,4,793
nearby,50,5,214
nearby,50,6,947
nearby,50,7,582
nearby,50,8,827
nearby,50,9,940
nearby,50,10,446
nearby,50,11,572
nearby,50,12,259
nearby,50,13,623
nearby,50,14,213
nearby,50,15,355
nearby,50,16,853
nearby,50,17,360
nearby,50,18,60
nearby,50,19,195
nearby,51,0,481
nearby,51,1,764
nearby,51,2,308
nearby,51,3,384
nearby,51,4,131
nearby,51,5,247
nearby,51,6,595
nearby,51,7,756
nearby,51,8,221
nearby,51,9,361
nearby,51,10,175
nearby,51,11,256
nearby,51,12,407
nearby,51,13,255
nearby,51,14,155
nearby,51,15,752
nearby,51,16,781
nearby,51,17,524
nearby,51,18,403
nearby,51,19,640
nearby,52,0,74
nearby,52,1,765
nearby,52,2,914
nearby,52,3,319
nearby,52,4,715
nearby,52,5,86
nearby,52,6,316
nearby,52,7,612
nearby,52,8,197
nearby,52,9,640
nearby,52,10,827
nearby,52,11,760
nearby,52,12,926
nearby,52,13,106
nearby,52,14,520
nearby,52,15,818
nearby,52,16,229
nearby,52,17,824
nearby,52,18,623
nearby,52,19,404
nearby,53,0,576
nearby,53,1,504
nearby,53,2,694
nearby,53,3,379
nearby,53,4,75
nearby,53,5,528
nearby,53,6,638
nearby,53,7,257
nearby,53,8,482
nearby,53,9,852
nearby,53,10,837
nearby,53,11,563
nearby,53,12,575
nearby,53,13,389
nearby,53,14,686
nearby,53,15,217
nearby,53,16,852
nearby,53,17,684
nearby,53,18,314
nearby,53,19,184
nearby,54,0,481
nearby,54,1,679
nearby,54,2,312
nearby,54,3,796
nearby,54,4,358
nearby,54,5,71
nearby,54,6,376
nearby,54,7,830
nearby,54,8,209
nearby,54,9,946
nearby,54,10,69
nearby,54,11,591
nearby,54,12,939
nearby,54,13,357
nearby,54,14,59
nearby,54,15,284
nearby,54,16,522
nearby,54,17,626
nearby,54,18,218
nearby,54,19,825
nearby,55,0,355
nearby,55,1,812
nearby,55,2,691
nearby,55,3,377
nearby,55,4,833
nearby,55,5,938
nearby,55,6,139
nearby,55,7,233
nearby,55,8,643
nearby,55,9,764
nearby,55,10,663
nearby,55,11,692
nearby,55,12,722
nearby,55,13,576
nearby,55,14,495
nearby,55,15,843
nearby,55,16,450
nearby,55,17,536
nearby,55,18,359
nearby,55,19,174
nearby,56,0,367
nearby,56,1,749
nearby,56,2,373
nearby,56,3,379
nearby,56,4,69
nearby,56,5,753
nearby,56,6,711
nearby,56,7,81
nearby,56,8,445
nearby,56,9,265
nearby,56,10,405
nearby,56,11,624
nearby,56,12,759
nearby,56,13,814
nearby,56,14,311
nearby,56,15,623
nearby,56,16,228
nearby,56,17,290
nearby,56,18,682
nearby,56,19,195
nearby,57,0,475
nearby,57,1,841
nearby,57,2,833
nearby,57,3,415
nearby,57,4,13
nearby,57,5,809
nearby,57,6,478
nearby,57,7,70
nearby,57,8,191
nearby,57,9,228
nearby,57,10,934
nearby,57,11,760
nearby,57,12,765
nearby,57,13,508
nearby,57,14,398
nearby,57,15,655
nearby,57,16,907
nearby,57,17,850
nearby,57,18,487
nearby,57,19,54
nearby,58,0,198
nearby,58,1,841
nearby,58,2,184
nearby,58,3,84
nearby,58,4,492
nearby,58,5,945
nearby,58,6,429
nearby,58,7,72
nearby,58,8,753
nearby,58,9,572
nearby,58,10,510
nearby,58,11,408
nearby,58,12,827
nearby,58,13,289
nearby,58,14,177
nearby,58,15,559
nearby,58,16,890
nearby,58,17,837
nearby,58,18,987
nearby,58,19,291
nearby,59,0,427
nearby,59,1,198
nearby,59,2,192
nearby,59,3,666
nearby,59,4,319
nearby,59,5,369
nearby,59,6,565
nearby,59,7,861
nearby,59,8,512
nearby,59,9,216
nearby,59,10,81
nearby,59,11,899
nearby,59,12,388
nearby,59,13,761
nearby,59,14,683
nearby,59,15,933
nearby,59,16,529
nearby,59,17,515
nearby,59,18,673
nearby,59,19,674
nearby,60,0,355
nearby,60,1,188
nearby,60,2,827
nearby,60,3,614
nearby,60,4,178
nearby,60,5,600
nearby,60,6,641
nearby,60,7,181
nearby,60,8,915
nearby,60,9,728
nearby,60,10,934
nearby,60,11,526
nearby,60,12,904
nearby,60,13,136
nearby,60,14,74
nearby,60,15,649
nearby,60,16,187
nearby,60,17,77
nearby,60,18,381
nearby,60,19,498
nearby,61,0,751
nearby,61,1,317
nearby,61,2,780
nearby,61,3,190
nearby,61,4,897
nearby,61,5,781
nearby,61,6,65
nearby,61,7,852
nearby,61,8,933
nearby,61,9,69
nearby,61,10,657
nearby,61,11,811
nearby,61,12,517
nearby,61,13,564
nearby,61,14,842
nearby,61,15,877
nearby,61,16,382
nearby,61,17,84
nearby,61,18,56
nearby,61,19,576
nearby,62,0,946
nearby,62,1,839
nearby,62,2,941
nearby,62,3,322
nearby,62,4,409
nearby,62,5,318
nearby,62,6,751
nearby,62,7,850
nearby,62,8,215
nearby,62,9,750
nearby,62,10,394
nearby,62,11,578
nearby,62,12,95
nearby,62,13,284
nearby,62,14,902
nearby,62,15,396
nearby,62,16,409
nearby,62,17,51
nearby,62,18,309
nearby,62,19,938
nearby,63,0,54
nearby,63,1,400
nearby,63,2,54
nearby,63,3,307
nearby,63,4,290
nearby,63,5,665
nearby,63,6,125
nearby,63,7,507
nearby,63,8,220
nearby,63,9,600
nearby,63,10,214
nearby,63,11,405
nearby,63,12,864
nearby,63,13,217
nearby,63,14,763
nearby,63,15,284
nearby,63,16,382
nearby,63,17,820
nearby,63,18,129
nearby,63,19,910
nearby,64,0,722
nearby,64,1,68
nearby,64,2,841
nearby,64,3,521
nearby,64,4,597
nearby,64,5,286
nearby,64,6,722
nearby,64,7,481
nearby,64,8,451
nearby,64,9,145
nearby,64,10,448
nearby,64,11,389
nearby,64,12,61
nearby,64,13,844
nearby,64,14,650
nearby,64,15,487
nearby,64,16,250
nearby,64,17,781
nearby,64,18,149
nearby,64,19,70
nearby,65,0,175
nearby,65,1,323
nearby,65,2,322
nearby,65,3,831
nearby,65,4,857
nearby,65,5,137
nearby,65,6,616
nearby,65,7,686
nearby,65,8,408
nearby,65,9,175
nearby,65,10,709
nearby,65,11,903
nearby,65,12,214
nearby,65,13,917
nearby,65,14,414
nearby,65,15,108
nearby,65,16,367
nearby,65,17,827
nearby,65,18,684
nearby,65,19,593
nearby,66,0,321
nearby,66,1,820
nearby,66,2,388
nearby,66,3,220
nearby,66,4,368
nearby,66,5,137
nearby,66,6,403
nearby,66,7,523
nearby,66,8,914
nearby,66,9,839
nearby,66,10,64
nearby,66,11,724
nearby,66,12,482
nearby,66,13,307
nearby,66,14,284
nearby,66,15,448
nearby,66,16,585
nearby,66,17,208
nearby,66,18,764
nearby,66,19,988
nearby,67,0,86
nearby,67,1,926
nearby,67,2,414
nearby,67,3,213
nearby,67,4,825
nearby,67,5,682
nearby,67,6,473
nearby,67,7,67
nearby,67,8,318
nearby,67,9,144
nearby,67,10,51
nearby,67,11,311
nearby,67,12,814
nearby,67,13,709
nearby,67,14,520
nearby,67,15,687
nearby,67,16,623
nearby,67,17,396
nearby,67,18,949
nearby,67,19,387
nearby,68,0,522
nearby,68,1,369
nearby,68,2,139
nearby,68,3,593
nearby,68,4,122
nearby,68,5,210
nearby,68,6,716
nearby,68,7,906
nearby,68,8,406
nearby,68,9,488
nearby,68,10,681
nearby,68,11,753
nearby,68,12,852
nearby,68,13,189
nearby,68,14,71
nearby,68,15,203
nearby,68,16,51
nearby,68,17,145
nearby,68,18,639
nearby,68,19,412
nearby,69,0,322
nearby,69,1,368
nearby,69,2,18
nearby,69,3,663
nearby,69,4,903
nearby,69,5,574
nearby,69,6,203
nearby,69,7,363
nearby,69,8,391
nearby,69,9,643
nearby,69,10,205
nearby,69,11,474
nearby,69,12,182
nearby,69,13,517
nearby,69,14,855
nearby,69,15,486
nearby,69,16,890
nearby,69,17,315
nearby,69,18,725
nearby,69,19,82
nearby,70,0,60
nearby,70,1,582
nearby,70,2,819
nearby,70,3,529
nearby,70,4,180
nearby,70,5,140
nearby,70,6,570
nearby,70,7,402
nearby,70,8,191
nearby,70,9,594
nearby,70,10,863
nearby,70,11,146
nearby,70,12,614
nearby,70,13,631
nearby,70,14,51
nearby,70,15,593
nearby,70,16,828
nearby,70,17,583
nearby,70,18,184
nearby,70,19,78
nearby,71,0,856
nearby,71,1,622
nearby,71,2,291
nearby,71,3,412
nearby,71,4,503
nearby,71,5,532
nearby,71,6,563
nearby,71,7,217
nearby,71,8,404
nearby,71,9,352
nearby,71,10,349
nearby,71,11,406
nearby,71,12,675
nearby,71,13,277
nearby,71,14,292
nearby,71,15,765
nearby,71,16,748
nearby,71,17,493
nearby,71,18,691
nearby,71,19,626
nearby,72,0,647
nearby,72,1,849
nearby,72,2,636
nearby,72,3,64
nearby,72,4,479
nearby,72,5,715
nearby,72,6,623
nearby,72,7,132
nearby,72,8,322
nearby,72,9,408
nearby,72,10,524
nearby,72,11,385
nearby,72,12,212
nearby,72,13,328
nearby,72,14,289
nearby,72,15,104
nearby,72,16,82
nearby,72,17,689
nearby,72,18,908
nearby,72,19,650
nearby,73,0,197
nearby,73,1,444
nearby,73,2,249
nearby,73,3,763
nearby,73,4,892
nearby,73,5,86
nearby,73,6,775
nearby,73,7,441
nearby,73,8,172
nearby,73,9,664
nearby,73,10,379
nearby,73,11,596
nearby,73,12,910
nearby,73,13,584
nearby,73,14,574
nearby,73,15,376
nearby,73,16,665
nearby,73,17,899
nearby,73,18,174
nearby,73,19,847
nearby,74,0,375
nearby,74,1,906
nearby,74,2,894
nearby,74,3,75
nearby,74,4,895
nearby,74,5,82
nearby,74,6,250
nearby,74,7,367
nearby,74,8,350
nearby,74,9,581
nearby,74,10,912
nearby,74,11,927
nearby,74,12,370
nearby,74,13,888
nearby,74,14,938
nearby,74,15,413
nearby,74,16,109
nearby,74,17,909
nearby,74,18,570
nearby,74,19,481
nearby,75,0,104
nearby,75,1,831
nearby,75,2,565
nearby,75,3,413
nearby,75,4,849
nearby,75,5,533
nearby,75,6,861
nearby,75,7,394
nearby,75,8,361
nearby,75,9,511
nearby,75,10,292
nearby,75,11,573
nearby,75,12,567
nearby,75,13,218
nearby,75,14,832
nearby,75,15,135
nearby,75,16,717
nearby,75,17,851
nearby,75,18,134
nearby,75,19,223
nearby,76,0,847
nearby,76,1,59
nearby,76,2,369
nearby,76,3,147
nearby,76,4,509
nearby,76,5,80
nearby,76,6,184
nearby,76,7,527
nearby,76,8,199
nearby,76,9,430
nearby,76,10,614
nearby,76,11,687
nearby,76,12,621
nearby,76,13,823
nearby,76,14,132
nearby,76,15,787
nearby,76,16,569
nearby,76,17,109
nearby,76,18,665
nearby,76,19,112
nearby,77,0,109
nearby,77,1,983
nearby,77,2,680
nearby,77,3,682
nearby,77,4,191
nearby,77,5,65
nearby,77,6,139
nearby,77,7,643
nearby,77,8,687
nearby,77,9,228
nearby,77,10,828
nearby,77,11,317
nearby,77,12,211
nearby,77,13,784
nearby,77,14,851
nearby,77,15,757
nearby,77,16,672
nearby,77,17,64
nearby,77,18,616
nearby,77,19,173
nearby,78,0,403
nearby,78,1,640
nearby,78,2,763
nearby,78,3,704
nearby,78,4,504
nearby,78,5,381
nearby,78,6,201
nearby,78,7,933
nearby,78,8,144
nearby,78,9,597
nearby,78,10,825
nearby,78,11,79
nearby,78,12,496
nearby,78,13,246
nearby,78,14,783
nearby,78,15,113
nearby,78,16,84
nearby,78,17,650
nearby,78,18,720
nearby,78,19,81
nearby,79,0,356
nearby,79,1,82
nearby,79,2,615
nearby,79,3,375
nearby,79,4,222
nearby,79,5,361
nearby,79,6,182
nearby,79,7,255
nearby,79,8,112
nearby,79,9,845
nearby,79,10,612
nearby,79,11,298
nearby,79,12,891
nearby,79,13,887
nearby,79,14,382
nearby,79,15,839
nearby,79,16,380
nearby,79,17,691
nearby,79,18,405
nearby,79,19,660
nearby,80,0,251
nearby,80,1,535
nearby,80,2,590
nearby,80,3,228
nearby,80,4,181
nearby,80,5,710
nearby,80,6,663
nearby,80,7,485
nearby,80,8,856
nearby,80,9,929
nearby,80,10,389
nearby,80,11,892
nearby,80,12,573
nearby,80,13,247
nearby,80,14,856
nearby,80,15,313
nearby,80,16,679
nearby,80,17,397
nearby,80,18,50
nearby,80,19,850
nearby,81,0,895
nearby,81,1,673
nearby,81,2,675
nearby,81,3,513
nearby,81,4,838
nearby,81,5,181
nearby,81,6,135
nearby,81,7,696
nearby,81,8,599
nearby,81,9,327
nearby,81,10,583
nearby,81,11,720
nearby,81,12,486
nearby,81,13,104
nearby,81,14,691
nearby,81,15,777
nearby,81,16,115
nearby,81,17,536
nearby,81,18,724
nearby,81,19,920
nearby,82,0,519
nearby,82,1,3
nearby,82,2,55
nearby,82,3,711
nearby,82,4,820
nearby,82,5,572
nearby,82,6,614
nearby,82,7,401
nearby,82,8,751
nearby,82,9,664
nearby,82,10,856
nearby,82,11,779
nearby,82,12,726
nearby,82,13,687
nearby,82,14,672
nearby,82,15,415
nearby,82,16,680
nearby,82,17,536
nearby,82,18,481
nearby,82,19,684
nearby,83,0,692
nearby,83,1,781
nearby,83,2,22
nearby,83,3,72
nearby,83,4,586
nearby,83,5,906
nearby,83,6,845
nearby,83,7,356
nearby,83,8,852
nearby,83,9,590
nearby,83,10,777
nearby,83,11,372
nearby,83,12,593
nearby,83,13,579
nearby,83,14,369
nearby,83,15,663
nearby,83,16,619
nearby,83,17,317
nearby,83,18,134
nearby,83,19,138
nearby,84,0,623
nearby,84,1,484
nearby,84,2,723
nearby,84,3,936
nearby,84,4,810
nearby,84,5,940
nearby,84,6,824
nearby,84,7,676
nearby,84,8,362
nearby,84,9,172
nearby,84,10,494
nearby,84,11,864
nearby,84,12,360
nearby,84,13,133
nearby,84,14,402
nearby,84,15,911
nearby,84,16,307
nearby,84,17,634
nearby,84,18,828
nearby,84,19,428
nearby,85,0,899
nearby,85,1,308
nearby,85,2,410
nearby,85,3,558
nearby,85,4,557
nearby,85,5,452
nearby,85,6,69
nearby,85,7,84
nearby,85,8,65
nearby,85,9,5
nearby,85,10,187
nearby,85,11,849
nearby,85,12,493
nearby,85,13,223
nearby,85,14,441
nearby,85,15,349
nearby,85,16,499
nearby,85,17,677
nearby,85,18,67
nearby,85,19,915
nearby,86,0,222
nearby,86,1,758
nearby,86,2,668
nearby,86,3,351
nearby,86,4,782
nearby,86,5,373
nearby,86,6,825
nearby,86,7,839
nearby,86,8,369
nearby,86,9,615
nearby,86,10,904
nearby,86,11,186
nearby,86,12,815
nearby,86,13,379
nearby,86,14,897
nearby,86,15,380
nearby,86,16,863
nearby,86,17,911
nearby,86,18,60
nearby,86,19,981
nearby,87,0,576
nearby,87,1,710
nearby,87,2,508
nearby,87,3,63
nearby,87,4,506
nearby,87,5,888
nearby,87,6,638
nearby,87,7,476
nearby,87,8,626
nearby,87,9,616
nearby,87,10,863
nearby,87,11,494
nearby,87,12,434
nearby,87,13,898
nearby,87,14,715
nearby,87,15,759
nearby,87,16,946
nearby,87,17,208
nearby,87,18,932
nearby,87,19,84
nearby,88,0,495
nearby,88,1,255
nearby,88,2,259
nearby,88,3,810
nearby,88,4,586
nearby,88,5,387
nearby,88,6,804
nearby,88,7,69
nearby,88,8,564
nearby,88,9,73
nearby,88,10,140
nearby,88,11,628
nearby,88,12,890
nearby,88,13,205
nearby,88,14,213
nearby,88,15,363
nearby,88,16,709
nearby,88,17,683
nearby,88,18,401
nearby,88,19,78
nearby,89,0,79
nearby,89,1,582
nearby,89,2,688
nearby,89,3,536
nearby,89,4,114
nearby,89,5,106
nearby,89,6,622
nearby,89,7,289
nearby,89,8,395
nearby,89,9,417
nearby,89,10,786
nearby,89,11,384
nearby,89,12,175
nearby,89,13,55
nearby,89,14,850
nearby,89,15,855
nearby,89,16,327
nearby,89,17,189
nearby,89,18,135
nearby,89,19,254
nearby,90,0,379
nearby,90,1,895
nearby,90,2,255
nearby,90,3,498
nearby,90,4,766
nearby,90,5,523
nearby,90,6,291
nearby,90,7,782
nearby,90,8,944
nearby,90,9,839
nearby,90,10,615
nearby,90,11,687
nearby,90,12,892
nearby,90,13,824
nearby,90,14,479
nearby,90,15,77
nearby,90,16,619
nearby,90,17,359
nearby,90,18,702
nearby,90,19,680
nearby,91,0,250
nearby,91,1,144
nearby,91,2,611
nearby,91,3,936
nearby,91,4,220
nearby,91,5,851
nearby,91,6,509
nearby,91,7,379
nearby,91,8,260
nearby,91,9,821
nearby,91,10,532
nearby,91,11,859
nearby,91,12,79
nearby,91,13,673
nearby,91,14,906
nearby,91,15,624
nearby,91,16,211
nearby,91,17,780
nearby,91,18,349
nearby,91,19,448
nearby,92,0,75
nearby,92,1,643
nearby,92,2,392
nearby,92,3,826
nearby,92,4,139
nearby,92,5,579
nearby,92,6,479
nearby,92,7,618
nearby,92,8,372
nearby,92,9,563
nearby,92,10,823
nearby,92,11,913
nearby,92,12,106
nearby,92,13,286
nearby,92,14,639
nearby,92,15,594
nearby,92,16,455
nearby,92,17,895
nearby,92,18,388
nearby,92,19,776
nearby,93,0,370
nearby,93,1,785
nearby,93,2,939
nearby,93,3,918
nearby,93,4,661
nearby,93,5,841
nearby,93,6,582
nearby,93,7,655
nearby,93,8,678
nearby,93,9,109
nearby,93,10,850
nearby,93,11,673
nearby,93,12,423
nearby,93,13,864
nearby,93,14,290
nearby,93,15,677
nearby,93,16,762
nearby,93,17,834
nearby,93,18,383
nearby,93,19,686
nearby,94,0,19
nearby,94,1,906
nearby,94,2,528
nearby,94,3,475
nearby,94,4,779
nearby,94,5,174
nearby,94,6,519
nearby,94,7,389
nearby,94,8,715
nearby,94,9,816
nearby,94,10,247
nearby,94,11,500
nearby,94,12,350
nearby,94,13,250
nearby,94,14,54
nearby,94,15,897
nearby,94,16,57
nearby,94,17,942
nearby,94,18,369
nearby,94,19,443
nearby,95,0,114
nearby,95,1,684
nearby,95,2,251
nearby,95,3,944
nearby,95,4,56
nearby,95,5,944
nearby,95,6,228
nearby,95,7,217
nearby,95,8,666
nearby,95,9,778
nearby,95,10,650
nearby,95,11,605
nearby,95,12,488
nearby,95,13,284
nearby,95,14,643
nearby,95,15,516
nearby,95,16,754
nearby,95,17,561
nearby,95,18,659
nearby,95,19,938
nearby,96,0,292
nearby,96,1,429
nearby,96,2,906
nearby,96,3,605
nearby,96,4,935
nearby,96,5,88
nearby,96,6,140
nearby,96,7,197
nearby,96,8,721
nearby,96,9,438
nearby,96,10,257
nearby,96,11,590
nearby,96,12,324
nearby,96,13,900
nearby,96,14,325
nearby,96,15,785
nearby,96,16,290
nearby,96,17,522
nearby,96,18,491
nearby,96,19,619
nearby,97,0,249
nearby,97,1,52
nearby,97,2,649
nearby,97,3,558
nearby,97,4,605
nearby,97,5,914
nearby,97,6,494
nearby,97,7,286
nearby,97,8,373
nearby,97,9,132
nearby,97,10,892
nearby,97,11,766
nearby,97,12,709
nearby,97,13,355
nearby,97,14,655
nearby,97,15,321
nearby,97,16,218
nearby,97,17,473
nearby,97,18,906
nearby,97,19,562
nearby,98,0,612
nearby,98,1,908
nearby,98,2,180
nearby,98,3,854
nearby,98,4,475
nearby,98,5,825
nearby,98,6,61
nearby,98,7,516
nearby,98,8,363
nearby,98,9,945
nearby,98,10,896
nearby,98,11,176
nearby,98,12,563
nearby,98,13,763
nearby,98,14,361
nearby,98,15,221
nearby,98,16,847
nearby,98,17,205
nearby,98,18,631
nearby,98,19,112
nearby,99,0,936
nearby,99,1,57
nearby,99,2,379
nearby,99,3,279
nearby,99,4,534
nearby,99,5,211
nearby,99,6,889
nearby,99,7,254
nearby,99,8,198
nearby,99,9,381
nearby,99,10,645
nearby,99,11,764
nearby,99,12,318
nearby,99,13,377
nearby,99,14,619
nearby,99,15,850
nearby,99,16,78
nearby,99,17,750
nearby,99,18,181
nearby,99,19,83
nearby,100,0,413
nearby,100,1,130
nearby,100,2,497
nearby,100,3,366
nearby,100,4,65
nearby,100,5,307
nearby,100,6,255
nearby,100,7,686
nearby,100,8,181
nearby,100,9,368
nearby,100,10,997
nearby,100,11,560
nearby,100,12,781
nearby,100,13,205
nearby,100,14,69
nearby,100,15,863
nearby,100,16,401
nearby,100,17,809
nearby,100,18,829
nearby,100,19,683
nearby,101,0,137
nearby,101,1,227
nearby,101,2,53
nearby,101,3,486
nearby,101,4,826
nearby,101,5,676
nearby,101,6,221
nearby,101,7,896
nearby,101,8,219
nearby,101,9,358
nearby,101,10,981
nearby,101,11,370
nearby,101,12,638
nearby,101,13,528
nearby,101,14,649
nearby,101,15,404
nearby,101,16,482
nearby,101,17,942
nearby,101,18,809
nearby,101,19,676
nearby,102,0,918
nearby,102,1,172
nearby,102,2,942
nearby,102,3,948
nearby,102,4,821
nearby,102,5,911
nearby,102,6,291
nearby,102,7,906
nearby,102,8,393
nearby,102,9,438
nearby,102,10,757
nearby,102,11,702
nearby,102,12,215
nearby,102,13,383
nearby,102,14,178
nearby,102,15,219
nearby,102,16,350
nearby,102,17,894
nearby,102,18,757
nearby,102,19,403
nearby,103,0,526
nearby,103,1,913
nearby,103,2,180
nearby,103,3,376
nearby,103,4,653
nearby,103,5,617
nearby,103,6,837
nearby,103,7,935
nearby,103,8,896
nearby,103,9,373
nearby,103,10,343
nearby,103,11,184
nearby,103,12,257
nearby,103,13,660
nearby,103,14,784
nearby,103,15,406
nearby,103,16,901
nearby,103,17,904
nearby,103,18,377
nearby,103,19,689
nearby,104,0,189
nearby,104,1,388
nearby,104,2,628
nearby,104,3,55
nearby,104,4,723
nearby,104,5,82
nearby,104,6,51
nearby,104,7,369
nearby,104,8,808
nearby,104,9,365
nearby,104,10,137
nearby,104,11,668
nearby,104,12,664
nearby,104,13,596
nearby,104,14,325
nearby,104,15,672
nearby,104,16,360
nearby,104,17,316
nearby,104,18,797
nearby,104,19,939
nearby,105,0,88
nearby,105,1,905
nearby,105,2,90
nearby,105,3,284
nearby,105,4,619
nearby,105,5,394
nearby,105,6,326
nearby,105,7,415
nearby,105,8,836
nearby,105,9,891
nearby,105,10,618
nearby,105,11,207
nearby,105,12,754
nearby,105,13,226
nearby,105,14,766
nearby,105,15,572
nearby,105,16,444
nearby,105,17,567
nearby,105,18,177
nearby,105,19,991
nearby,106,0,685
nearby,106,1,531
nearby,106,2,67
nearby,106,3,314
nearby,106,4,673
nearby,106,5,136
nearby,106,6,325
nearby,106,7,283
nearby,106,8,659
nearby,106,9,374
nearby,106,10,403
nearby,106,11,60
nearby,106,12,914
nearby,106,13,492
nearby,106,14,478
nearby,106,15,648
nearby,106,16,190
nearby,106,17,320
nearby,106,18,592
nearby,106,19,692
nearby,107,0,137
nearby,107,1,146
nearby,107,2,504
nearby,107,3,678
nearby,107,4,691
nearby,107,5,247
nearby,107,6,673
nearby,107,7,438
nearby,107,8,999
nearby,107,9,315
nearby,107,10,639
nearby,107,11,536
nearby,107,12,917
nearby,107,13,416
nearby,107,14,212
nearby,107,15,187
nearby,107,16,896
nearby,107,17,198
nearby,107,18,785
nearby,107,19,452
nearby,108,0,855
nearby,108,1,205
nearby,108,2,111
nearby,108,3,600
nearby,108,4,562
nearby,108,5,785
nearby,108,6,489
nearby,108,7,226
nearby,108,8,209
nearby,108,9,941
nearby,108,10,518
nearby,108,11,384
nearby,108,12,700
nearby,108,13,579
nearby,108,14,315
nearby,108,15,657
nearby,108,16,74
nearby,108,17,654
nearby,108,18,591
nearby,108,19,558
nearby,109,0,444
nearby,109,1,360
nearby,109,2,672
nearby,109,3,367
nearby,109,4,819
nearby,109,5,108
nearby,109,6,757
nearby,109,7,136
nearby,109,8,621
nearby,109,9,838
nearby,109,10,323
nearby,109,11,785
nearby,109,12,478
nearby,109,13,809
nearby,109,14,492
nearby,109,15,376
nearby,109,16,161
nearby,109,17,508
nearby,109,18,901
nearby,109,19,586
nearby,110,0,205
nearby,110,1,500
nearby,110,2,513
nearby,110,3,902
nearby,110,4,408
nearby,110,5,909
nearby,110,6,573
nearby,110,7,663
nearby,110,8,891
nearby,110,9,290
nearby,110,10,326
nearby,110,11,389
nearby,110,12,477
nearby,110,13,376
nearby,110,14,810
nearby,110,15,392
nearby,110,16,596
nearby,110,17,382
nearby,110,18,846
nearby,110,19,989
nearby,111,0,141
nearby,111,1,366
nearby,111,2,489
nearby,111,3,481
nearby,111,4,716
nearby,111,5,350
nearby,111,6,589
nearby,111,7,63
nearby,111,8,655
nearby,111,9,558
nearby,111,10,451
nearby,111,11,143
nearby,111,12,289
nearby,111,13,594
nearby,111,14,866
nearby,111,15,933
nearby,111,16,711
nearby,111,17,63
nearby,111,18,213
nearby,111,19,380
nearby,112,0,320
nearby,112,1,144
nearby,112,2,949
nearby,112,3,726
nearby,112,4,314
nearby,112,5,576
nearby,112,6,639
nearby,112,7,80
nearby,112,8,287
nearby,112,9,143
nearby,112,10,616
nearby,112,11,713
nearby,112,12,945
nearby,112,13,623
nearby,112,14,228
nearby,112,15,927
nearby,112,16,374
nearby,112,17,385
nearby,112,18,856
nearby,112,19,499
nearby,113,0,215
nearby,113,1,135
nearby,113,2,351
nearby,113,3,409
nearby,113,4,69
nearby,113,5,619
nearby,113,6,658
nearby,113,7,639
nearby,113,8,567
nearby,113,9,716
nearby,113,10,227
nearby,113,11,888
nearby,113,12,768
nearby,113,13,66
nearby,113,14,115
nearby,113,15,320
nearby,113,16,77
nearby,113,17,718
nearby,113,18,748
nearby,113,19,369
nearby,114,0,614
nearby,114,1,894
nearby,114,2,572
nearby,114,3,515
nearby,114,4,842
nearby,114,5,371
nearby,114,6,253
nearby,114,7,570
nearby,114,8,479
nearby,114,9,574
nearby,114,10,292
nearby,114,11,394
nearby,114,12,463
nearby,114,13,659
nearby,114,14,840
nearby,114,15,227
nearby,114,16,763
nearby,114,17,757
nearby,114,18,777
nearby,114,19,83
nearby,115,0,401
nearby,115,1,887
nearby,115,2,116
nearby,115,3,854
nearby,115,4,751
nearby,115,5,683
nearby,115,6,137
nearby,115,7,898
nearby,115,8,104
nearby,115,9,649
nearby,115,10,596
nearby,115,11,779
nearby,115,12,935
nearby,115,13,65
nearby,115,14,570
nearby,115,15,220
nearby,115,16,147
nearby,115,17,850
nearby,115,18,781
nearby,115,19,379
nearby,116,0,353
nearby,116,1,808
nearby,116,2,187
nearby,116,3,909
nearby,116,4,895
nearby,116,5,710
nearby,116,6,192
nearby,116,7,903
nearby,116,8,784
nearby,116,9,779
nearby,116,10,755
nearby,116,11,788
nearby,116,12,896
nearby,116,13,292
nearby,116,14,719
nearby,116,15,428
nearby,116,16,843
nearby,116,17,681
nearby,116,18,407
nearby,116,19,313
nearby,117,0,83
nearby,117,1,722
nearby,117,2,826
nearby,117,3,829
nearby,117,4,392
nearby,117,5,616
nearby,117,6,655
nearby,117,7,484
nearby,117,8,520
nearby,117,9,720
nearby,117,10,53
nearby,117,11,243
nearby,117,12,145
nearby,117,13,360
nearby,117,14,63
nearby,117,15,594
nearby,117,16,512
nearby,117,17,443
nearby,117,18,850
nearby,117,19,200
nearby,118,0,588
nearby,118,1,889
nearby,118,2,187
nearby,118,3,889
nearby,118,4,581
nearby,118,5,215
nearby,118,6,290
nearby,118,7,319
nearby,118,8,821
nearby,118,9,440
nearby,118,10,601
nearby,118,11,220
nearby,118,12,482
nearby,118,13,307
nearby,118,14,217
nearby,118,15,690
nearby,118,16,758
nearby,118,17,512
nearby,118,18,942
nearby,118,19,372
nearby,119,0,722
nearby,119,1,183
nearby,119,2,134
nearby,119,3,843
nearby,119,4,807
nearby,119,5,783
nearby,119,6,509
nearby,119,7,657
nearby,119,8,411
nearby,119,9,859
nearby,119,10,561
nearby,119,11,401
nearby,119,12,763
nearby,119,13,719
nearby,119,14,756
nearby,119,15,380
nearby,119,16,756
nearby,119,17,375
nearby,119,18,443
nearby,119,19,207
nearby,120,0,289
nearby,120,1,853
nearby,120,2,562
nearby,120,3,190
nearby,120,4,181
nearby,120,5,652
nearby,120,6,988
nearby,120,7,942
nearby,120,8,315
nearby,120,9,225
nearby,120,10,813
nearby,120,11,355
nearby,120,12,404
nearby,120,13,107
nearby,120,14,429
nearby,120,15,442
nearby,120,16,311
nearby,120,17,377
nearby,120,18,259
nearby,120,19,855
nearby,121,0,527
nearby,121,1,780
nearby,121,2,526
nearby,121,3,323
nearby,121,4,449
nearby,121,5,218
nearby,121,6,721
nearby,121,7,714
nearby,121,8,84
nearby,121,9,200
nearby,121,10,806
nearby,121,11,717
nearby,121,12,619
nearby,121,13,587
nearby,121,14,821
nearby,121,15,399
nearby,121,16,570
nearby,121,17,518
nearby,121,18,778
nearby,121,19,893
nearby,122,0,836
nearby,122,1,309
nearby,122,2,893
nearby,122,3,780
nearby,122,4,943
nearby,122,5,779
nearby,122,6,657
nearby,122,7,256
nearby,122,8,528
nearby,122,9,296
nearby,122,10,512
nearby,122,11,476
nearby,122,12,131
nearby,122,13,641
nearby,122,14,828
nearby,122,15,223
nearby,122,16,807
nearby,122,17,683
nearby,122,18,562
nearby,122,19,313
nearby,123,0,855
nearby,123,1,192
nearby,123,2,440
nearby,123,3,557
nearby,123,4,427
nearby,123,5,710
nearby,123,6,776
nearby,123,7,755
nearby,123,8,653
nearby,123,9,920
nearby,123,10,191
nearby,123,11,763
nearby,123,12,631
nearby,123,13,664
nearby,123,14,897
nearby,123,15,580
nearby,123,16,845
nearby,123,17,916
nearby,123,18,659
nearby,123,19,66
nearby,124,0,179
nearby,124,1,559
nearby,124,2,920
nearby,124,3,399
nearby,124,4,906
nearby,124,5,720
nearby,124,6,822
nearby,124,7,942
nearby,124,8,852
nearby,124,9,408
nearby,124,10,617
nearby,124,11,690
nearby,124,12,599
nearby,124,13,937
nearby,124,14,949
nearby,124,15,356
nearby,124,16,195
nearby,124,17,982
nearby,124,18,251
nearby,124,19,318
nearby,125,0,942
nearby,125,1,990
nearby,125,2,386
nearby,125,3,328
nearby,125,4,473
nearby,125,5,669
nearby,125,6,52
nearby,125,7,324
nearby,125,8,531
nearby,125,9,889
nearby,125,10,854
nearby,125,11,322
nearby,125,12,594
nearby,125,13,762
nearby,125,14,536
nearby,125,15,135
nearby,125,16,672
nearby,125,17,501
nearby,125,18,612
nearby,125,19,229
nearby,126,0,627
nearby,126,1,500
nearby,126,2,725
nearby,126,3,255
nearby,126,4,136
nearby,126,5,370
nearby,126,6,403
nearby,126,7,58
nearby,126,8,77
nearby,126,9,838
nearby,126,10,674
nearby,126,11,620
nearby,126,12,858
nearby,126,13,307
nearby,126,14,438
nearby,126,15,189
nearby,126,16,392
nearby,126,17,674
nearby,126,18,568
nearby,126,19,446
nearby,127,0,529
nearby,127,1,415
nearby,127,2,438
nearby,127,3,661
nearby,127,4,287
nearby,127,5,511
nearby,127,6,200
nearby,127,7,250
nearby,127,8,179
nearby,127,9,388
nearby,127,10,596
nearby,127,11,582
nearby,127,12,176
nearby,127,13,529
nearby,127,14,514
nearby,127,15,978
nearby,127,16,945
nearby,127,17,106
nearby,127,18,312
nearby,127,19,564
nearby,128,0,587
nearby,128,1,392
nearby,128,2,947
nearby,128,3,762
nearby,128,4,110
nearby,128,5,387
nearby,128,6,495
nearby,128,7,115
nearby,128,8,452
nearby,128,9,572
nearby,128,10,416
nearby,128,11,676
nearby,128,12,189
nearby,128,13,751
nearby,128,14,208
nearby,128,15,985
nearby,128,16,478
nearby,128,17,828
nearby,128,18,442
nearby,128,19,638
nearby,129,0,439
nearby,129,1,935
nearby,129,2,614
nearby,129,3,357
nearby,129,4,919
nearby,129,5,131
nearby,129,6,385
nearby,129,7,247
nearby,129,8,674
nearby,129,9,113
nearby,129,10,835
nearby,129,11,766
nearby,129,12,908
nearby,129,13,373
nearby,129,14,134
nearby,129,15,257
nearby,129,16,996
nearby,129,17,487
nearby,129,18,145
nearby,129,19,836
nearby,130,0,855
nearby,130,1,619
nearby,130,2,843
nearby,130,3,711
nearby,130,4,577
nearby,130,5,427
nearby,130,6,392
nearby,130,7,661
nearby,130,8,485
nearby,130,9,257
nearby,130,10,293
nearby,130,11,504
nearby,130,12,315
nearby,130,13,450
nearby,130,14,190
nearby,130,15,389
nearby,130,16,581
nearby,130,17,197
nearby,130,18,823
nearby,130,19,711
nearby,131,0,617
nearby,131,1,816
nearby,131,2,838
nearby,131,3,636
nearby,131,4,257
nearby,131,5,58
nearby,131,6,935
nearby,131,7,668
nearby,131,8,501
nearby,131,9,386
nearby,131,10,226
nearby,131,11,838
nearby,131,12,919
nearby,131,13,660
nearby,131,14,755
nearby,131,15,643
nearby,131,16,438
nearby,131,17,216
nearby,131,18,526
nearby,131,19,753
nearby,132,0,685
nearby,132,1,288
nearby,132,2,86
nearby,132,3,781
nearby,132,4,908
nearby,132,5,140
nearby,132,6,310
nearby,132,7,144
nearby,132,8,258
nearby,132,9,52
nearby,132,10,132
nearby,132,11,560
nearby,132,12,803
nearby,132,13,622
nearby,132,14,591
nearby,132,15,134
nearby,132,16,218
nearby,132,17,248
nearby,132,18,566
nearby,132,19,518
nearby,133,0,782
nearby,133,1,290
nearby,133,2,896
nearby,133,3,384
nearby,133,4,324
nearby,133,5,452
nearby,133,6,671
nearby,133,7,562
nearby,133,8,508
nearby,133,9,653
nearby,133,10,475
nearby,133,11,996
nearby,133,12,683
nearby,133,13,624
nearby,133,14,494
nearby,133,15,597
nearby,133,16,145
nearby,133,17,682
nearby,133,18,67
nearby,133,19,910
nearby,134,0,567
nearby,134,1,532
nearby,134,2,719
nearby,134,3,399
nearby,134,4,50
nearby,134,5,616
nearby,134,6,922
nearby,134,7,914
nearby,134,8,310
nearby,134,9,612
nearby,134,10,353
nearby,134,11,653
nearby,134,12,400
nearby,134,13,384
nearby,134,14,562
nearby,134,15,684
nearby,134,16,492
nearby,134,17,568
nearby,134,18,135
nearby,134,19,689
nearby,135,0,170
nearby,135,1,749
nearby,135,2,486
nearby,135,3,901
nearby,135,4,108
nearby,135,5,825
nearby,135,6,887
nearby,135,7,210
nearby,135,8,519
nearby,135,9,226
nearby,135,10,762
nearby,135,11,188
nearby,135,12,590
nearby,135,13,903
nearby,135,14,452
nearby,135,15,617
nearby,135,16,615
nearby,135,17,834
nearby,135,18,363
nearby,135,19,517
nearby,136,0,308
nearby,136,1,497
nearby,136,2,496
nearby,136,3,400
nearby,136,4,530
nearby,136,5,512
nearby,136,6,939
nearby,136,7,647
nearby,136,8,514
nearby,136,9,359
nearby,136,10,435
nearby,136,11,625
nearby,136,12,186
nearby,136,13,580
nearby,136,14,66
nearby,136,15,206
nearby,136,16,718
nearby,136,17,491
nearby,136,18,657
nearby,136,19,50
nearby,137,0,558
nearby,137,1,698
nearby,137,2,326
nearby,137,3,195
nearby,137,4,809
nearby,137,5,89
nearby,137,6,135
nearby,137,7,378
nearby,137,8,518
nearby,137,9,846
nearby,137,10,692
nearby,137,11,204
nearby,137,12,716
nearby,137,13,573
nearby,137,14,176
nearby,137,15,369
nearby,137,16,583
nearby,137,17,752
nearby,137,18,227
nearby,137,19,651
nearby,138,0,399
nearby,138,1,982
nearby,138,2,611
nearby,138,3,404
nearby,138,4,619
nearby,138,5,317
nearby,138,6,86
nearby,138,7,486
nearby,138,8,524
nearby,138,9,673
nearby,138,10,51
nearby,138,11,489
nearby,138,12,751
nearby,138,13,318
nearby,138,14,766
nearby,138,15,486
nearby,138,16,826
nearby,138,17,249
nearby,138,18,381
nearby,138,19,815
nearby,139,0,597
nearby,139,1,856
nearby,139,2,16
nearby,139,3,375
nearby,139,4,61
nearby,139,5,137
nearby,139,6,906
nearby,139,7,888
nearby,139,8,439
nearby,139,9,669
nearby,139,10,782
nearby,139,11,893
nearby,139,12,902
nearby,139,13,398
nearby,139,14,785
nearby,139,15,900
nearby,139,16,671
nearby,139,17,319
nearby,139,18,710
nearby,139,19,136
nearby,140,0,311
nearby,140,1,653
nearby,140,2,224
nearby,140,3,823
nearby,140,4,442
nearby,140,5,220
nearby,140,6,902
nearby,140,7,603
nearby,140,8,367
nearby,140,9,54
nearby,140,10,945
nearby,140,11,195
nearby,140,12,897
nearby,140,13,67
nearby,140,14,60
nearby,140,15,360
nearby,140,16,814
nearby,140,17,450
nearby,140,18,246
nearby,140,19,665
nearby,141,0,358
nearby,141,1,579
nearby,141,2,849
nearby,141,3,813
nearby,141,4,315
nearby,141,5,308
nearby,141,6,825
nearby,141,7,681
nearby,141,8,827
nearby,141,9,114
nearby,141,10,857
nearby,141,11,352
nearby,141,12,481
nearby,141,13,440
nearby,141,14,212
nearby,141,15,944
nearby,141,16,836
nearby,141,17,312
nearby,141,18,501
nearby,141,19,439
nearby,142,0,55
nearby,142,1,129
nearby,142,2,66
nearby,142,3,942
nearby,142,4,133
nearby,142,5,137
nearby,142,6,208
nearby,142,7,50
nearby,142,8,478
nearby,142,9,205
nearby,142,10,200
nearby,142,11,916
nearby,142,12,851
nearby,142,13,487
nearby,142,14,889
nearby,142,15,824
nearby,142,16,989
nearby,142,17,691
nearby,142,18,490
nearby,142,19,364
nearby,143,0,308
nearby,143,1,381
nearby,143,2,688
nearby,143,3,440
nearby,143,4,135
nearby,143,5,516
nearby,143,6,816
nearby,143,7,504
nearby,143,8,287
nearby,143,9,625
nearby,143,10,750
nearby,143,11,355
nearby,143,12,663
nearby,143,13,714
nearby,143,14,176
nearby,143,15,391
nearby,143,16,229
nearby,143,17,989
nearby,143,18,904
nearby,143,19,284
nearby,144,0,213
nearby,144,1,780
nearby,144,2,407
nearby,144,3,912
nearby,144,4,573
nearby,144,5,535
nearby,144,6,585
nearby,144,7,825
nearby,144,8,897
nearby,144,9,842
nearby,144,10,588
nearby,144,11,469
nearby,144,12,893
nearby,144,13,321
nearby,144,14,567
nearby,144,15,831
nearby,144,16,90
nearby,144,17,138
nearby,144,18,613
nearby,144,19,863
nearby,145,0,853
nearby,145,1,119
nearby,145,2,581
nearby,145,3,373
nearby,145,4,84
nearby,145,5,761
nearby,145,6,217
nearby,145,7,640
nearby,145,8,752
nearby,145,9,383
nearby,145,10,226
nearby,145,11,650
nearby,145,12,357
nearby,145,13,322
nearby,145,14,438
nearby,145,15,503
nearby,145,16,292
nearby,145,17,559
nearby,145,18,291
nearby,145,19,492
nearby,146,0,684
nearby,146,1,874
nearby,146,2,935
nearby,146,3,786
nearby,146,4,89
nearby,146,5,852
nearby,146,6,940
nearby,146,7,397
nearby,146,8,643
nearby,146,9,51
nearby,146,10,722
nearby,146,11,647
nearby,146,12,79
nearby,146,13,50
nearby,146,14,817
nearby,146,15,86
nearby,146,16,585
nearby,146,17,822
nearby,146,18,611
nearby,146,19,575
nearby,147,0,777
nearby,147,1,890
nearby,147,2,911
nearby,147,3,915
nearby,147,4,114
nearby,147,5,452
nearby,147,6,635
nearby,147,7,204
nearby,147,8,79
nearby,147,9,289
nearby,147,10,310
nearby,147,11,449
nearby,147,12,628
nearby,147,13,247
nearby,147,14,358
nearby,147,15,948
nearby,147,16,894
nearby,147,17,307
nearby,147,18,350
nearby,147,19,893
nearby,148,0,724
nearby,148,1,685
nearby,148,2,936
nearby,148,3,485
nearby,148,4,887
nearby,148,5,82
nearby,148,6,835
nearby,148,7,870
nearby,148,8,481
nearby,148,9,615
nearby,148,10,616
nearby,148,11,751
nearby,148,12,131
nearby,148,13,505
nearby,148,14,111
nearby,148,15,82
nearby,148,16,912
nearby,148,17,438
nearby,148,18,50
nearby,148,19,405
nearby,149,0,520
nearby,149,1,826
nearby,149,2,224
nearby,149,3,592
nearby,149,4,411
nearby,149,5,284
nearby,149,6,834
nearby,149,7,668
nearby,149,8,902
nearby,149,9,657
nearby,149,10,661
nearby,149,11,897
nearby,149,12,758
nearby,149,13,369
nearby,149,14,933
nearby,149,15,809
nearby,149,16,704
nearby,149,17,501
nearby,149,18,222
nearby,149,19,777
nearby,150,0,624
nearby,150,1,628
nearby,150,2,105
nearby,150,3,260
nearby,150,4,663
nearby,150,5,502
nearby,150,6,447
nearby,150,7,436
nearby,150,8,310
nearby,150,9,851
nearby,150,10,836
nearby,150,11,208
nearby,150,12,911
nearby,150,13,591
nearby,150,14,718
nearby,150,15,755
nearby,150,16,844
nearby,150,17,647
nearby,150,18,854
nearby,150,19,497
nearby,151,0,762
nearby,151,1,175
nearby,151,2,201
nearby,151,3,4
nearby,151,4,644
nearby,151,5,111
nearby,151,6,427
nearby,151,7,490
nearby,151,8,713
nearby,151,9,409
nearby,151,10,531
nearby,151,11,143
nearby,151,12,577
nearby,151,13,75
nearby,151,14,287
nearby,151,15,663
nearby,151,16,172
nearby,151,17,411
nearby,151,18,911
nearby,151,19,57
nearby,152,0,285
nearby,152,1,225
nearby,152,2,187
nearby,152,3,359
nearby,152,4,57
nearby,152,5,911
nearby,152,6,315
nearby,152,7,56
nearby,152,8,892
nearby,152,9,398
nearby,152,10,216
nearby,152,11,533
nearby,152,12,784
nearby,152,13,916
nearby,152,14,10
nearby,152,15,690
nearby,152,16,912
nearby,152,17,133
nearby,152,18,939
nearby,152,19,328
nearby,153,0,754
nearby,153,1,649
nearby,153,2,519
nearby,153,3,319
nearby,153,4,315
nearby,153,5,807
nearby,153,6,640
nearby,153,7,749
nearby,153,8,668
nearby,153,9,404
nearby,153,10,594
nearby,153,11,514
nearby,153,12,175
nearby,153,13,587
nearby,153,14,637
nearby,153,15,582
nearby,153,16,188
nearby,153,17,90
nearby,153,18,219
nearby,153,19,427
nearby,154,0,906
nearby,154,1,146
nearby,154,2,274
nearby,154,3,173
nearby,154,4,229
nearby,154,5,562
nearby,154,6,480
nearby,154,7,518
nearby,154,8,897
nearby,154,9,821
nearby,154,10,53
nearby,154,11,913
nearby,154,12,319
nearby,154,13,63
nearby,154,14,189
nearby,154,15,571
nearby,154,16,485
nearby,154,17,613
nearby,154,18,509
nearby,154,19,353
nearby,155,0,502
nearby,155,1,646
nearby,155,2,58
nearby,155,3,352
nearby,155,4,505
nearby,155,5,660
nearby,155,6,575
nearby,155,7,133
nearby,155,8,671
nearby,155,9,811
nearby,155,10,586
nearby,155,11,350
nearby,155,12,850
nearby,155,13,802
nearby,155,14,474
nearby,155,15,360
nearby,155,16,911
nearby,155,17,136
nearby,155,18,564
nearby,155,19,753
nearby,156,0,106
nearby,156,1,62
nearby,156,2,354
nearby,156,3,247
nearby,156,4,935
nearby,156,5,626
nearby,156,6,978
nearby,156,7,371
nearby,156,8,834
nearby,156,9,214
nearby,156,10,586
nearby,156,11,76
nearby,156,12,659
nearby,156,13,532
nearby,156,14,938
nearby,156,15,444
nearby,156,16,388
nearby,156,17,443
nearby,156,18,668
nearby,156,19,574
nearby,157,0,132
nearby,157,1,473
nearby,157,2,368
nearby,157,3,718
nearby,157,4,80
nearby,157,5,754
nearby,157,6,751
nearby,157,7,947
nearby,157,8,903
nearby,157,9,772
nearby,157,10,284
nearby,157,11,256
nearby,157,12,650
nearby,157,13,258
nearby,157,14,251
nearby,157,15,682
nearby,157,16,197
nearby,157,17,619
nearby,157,18,758
nearby,157,19,501
nearby,158,0,77
nearby,158,1,892
nearby,158,2,401
nearby,158,3,675
nearby,158,4,270
nearby,158,5,935
nearby,158,6,183
nearby,158,7,658
nearby,158,8,578
nearby,158,9,497
nearby,158,10,373
nearby,158,11,209
nearby,158,12,807
nearby,158,13,187
nearby,158,14,209
nearby,158,15,85
nearby,158,16,205
nearby,158,17,251
nearby,158,18,367
nearby,158,19,57
nearby,159,0,750
nearby,159,1,209
nearby,159,2,834
nearby,159,3,811
nearby,159,4,665
nearby,159,5,898
nearby,159,6,361
nearby,159,7,64
nearby,159,8,114
nearby,159,9,685
nearby,159,10,258
nearby,159,11,943
nearby,159,12,644
nearby,159,13,532
nearby,159,14,129
nearby,159,15,614
nearby,159,16,924
nearby,159,17,76
nearby,159,18,377
nearby,159,19,405
nearby,160,0,195
nearby,160,1,428
nearby,160,2,488
nearby,160,3,67
nearby,160,4,935
nearby,160,5,19
nearby,160,6,375
nearby,160,7,392
nearby,160,8,484
nearby,160,9,450
nearby,160,10,892
nearby,160,11,416
nearby,160,12,260
nearby,160,13,650
nearby,160,14,256
nearby,160,15,194
nearby,160,16,397
nearby,160,17,483
nearby,160,18,113
nearby,160,19,557
nearby,161,0,474
nearby,161,1,852
nearby,161,2,196
nearby,161,3,427
nearby,161,4,375
nearby,161,5,977
nearby,161,6,639
nearby,161,7,643
nearby,161,8,536
nearby,161,9,785
nearby,161,10,66
nearby,161,11,452
nearby,161,12,326
nearby,161,13,623
nearby,161,14,828
nearby,161,15,309
nearby,161,16,909
nearby,161,17,373
nearby,161,18,138
nearby,161,19,113
nearby,162,0,219
nearby,162,1,225
nearby,162,2,818
nearby,162,3,84
nearby,162,4,639
nearby,162,5,380
nearby,162,6,856
nearby,162,7,676
nearby,162,8,372
nearby,162,9,82
nearby,162,10,76
nearby,162,11,577
nearby,162,12,517
nearby,162,13,758
nearby,162,14,942
nearby,162,15,182
nearby,162,16,604
nearby,162,17,194
nearby,162,18,400
nearby,162,19,357
nearby,163,0,908
nearby,163,1,622
nearby,163,2,568
nearby,163,3,81
nearby,163,4,183
nearby,163,5,901
nearby,163,6,868
nearby,163,7,354
nearby,163,8,818
nearby,163,9,835
nearby,163,10,894
nearby,163,11,430
nearby,163,12,482
nearby,163,13,824
nearby,163,14,856
nearby,163,15,839
nearby,163,16,190
nearby,163,17,77
nearby,163,18,88
nearby,163,19,840
nearby,164,0,641
nearby,164,1,572
nearby,164,2,228
nearby,164,3,286
nearby,164,4,936
nearby,164,5,889
nearby,164,6,818
nearby,164,7,777
nearby,164,8,778
nearby,164,9,846
nearby,164,10,643
nearby,164,11,113
nearby,164,12,150
nearby,164,13,138
nearby,164,14,754
nearby,164,15,934
nearby,164,16,582
nearby,164,17,581
nearby,164,18,627
nearby,164,19,685
nearby,165,0,898
nearby,165,1,891
nearby,165,2,841
nearby,165,3,0
nearby,165,4,62
nearby,165,5,908
nearby,165,6,110
nearby,165,7,888
nearby,165,8,74
nearby,165,9,831
nearby,165,10,286
nearby,165,11,653
nearby,165,12,407
nearby,165,13,138
nearby,165,14,653
nearby,165,15,932
nearby,165,16,514
nearby,165,17,853
nearby,165,18,357
nearby,165,19,598
nearby,166,0,622
nearby,166,1,413
nearby,166,2,899
nearby,166,3,828
nearby,166,4,185
nearby,166,5,194
nearby,166,6,173
nearby,166,7,571
nearby,166,8,481
nearby,166,9,670
nearby,166,10,315
nearby,166,11,515
nearby,166,12,562
nearby,166,13,207
nearby,166,14,836
nearby,166,15,708
nearby,166,16,766
nearby,166,17,683
nearby,166,18,488
nearby,166,19,372
nearby,167,0,248
nearby,167,1,457
nearby,167,2,934
nearby,167,3,372
nearby,167,4,564
nearby,167,5,414
nearby,167,6,662
nearby,167,7,665
nearby,167,8,949
nearby,167,9,642
nearby,167,10,202
nearby,167,11,144
nearby,167,12,189
nearby,167,13,842
nearby,167,14,214
nearby,167,15,592
nearby,167,16,374
nearby,167,17,888
nearby,167,18,211
nearby,167,19,247
nearby,168,0,668
nearby,168,1,139
nearby,168,2,115
nearby,168,3,132
nearby,168,4,522
nearby,168,5,683
nearby,168,6,205
nearby,168,7,849
nearby,168,8,784
nearby,168,9,481
nearby,168,10,713
nearby,168,11,776
nearby,168,12,689
nearby,168,13,63
nearby,168,14,563
nearby,168,15,658
nearby,168,16,361
nearby,168,17,982
nearby,168,18,196
nearby,168,19,897
nearby,169,0,289
nearby,169,1,407
nearby,169,2,60
nearby,169,3,434
nearby,169,4,323
nearby,169,5,561
nearby,169,6,196
nearby,169,7,319
nearby,169,8,517
nearby,169,9,846
nearby,169,10,686
nearby,169,11,855
nearby,169,12,173
nearby,169,13,864
nearby,169,14,611
nearby,169,15,814
nearby,169,16,717
nearby,169,17,618
nearby,169,18,313
nearby,169,19,687
nearby,170,0,474
nearby,170,1,892
nearby,170,2,536
nearby,170,3,259
nearby,170,4,888
nearby,170,5,86
nearby,170,6,81
nearby,170,7,328
nearby,170,8,687
nearby,170,9,402
nearby,170,10,375
nearby,170,11,891
nearby,170,12,291
nearby,170,13,666
nearby,170,14,805
nearby,170,15,909
nearby,170,16,386
nearby,170,17,193
nearby,170,18,511
nearby,170,19,898
nearby,171,0,131
nearby,171,1,210
nearby,171,2,638
nearby,171,3,840
nearby,171,4,392
nearby,171,5,765
nearby,171,6,565
nearby,171,7,841
nearby,171,8,394
nearby,171,9,781
nearby,171,10,813
nearby,171,11,562
nearby,171,12,316
nearby,171,13,145
nearby,171,14,526
nearby,171,15,528
nearby,171,16,826
nearby,171,17,803
nearby,171,18,87
nearby,171,19,197
nearby,172,0,841
nearby,172,1,557
nearby,172,2,935
nearby,172,3,116
nearby,172,4,837
nearby,172,5,478
nearby,172,6,174
nearby,172,7,839
nearby,172,8,623
nearby,172,9,752
nearby,172,10,71
nearby,172,11,484
nearby,172,12,709
nearby,172,13,685
nearby,172,14,495
nearby,172,15,360
nearby,172,16,327
nearby,172,17,143
nearby,172,18,440
nearby,172,19,908
nearby,173,0,452
nearby,173,1,86
nearby,173,2,411
nearby,173,3,358
nearby,173,4,847
nearby,173,5,632
nearby,173,6,853
nearby,173,7,716
nearby,173,8,410
nearby,173,9,491
nearby,173,10,934
nearby,173,11,86
nearby,173,12,196
nearby,173,13,598
nearby,173,14,600
nearby,173,15,486
nearby,173,16,402
nearby,173,17,212
nearby,173,18,493
nearby,173,19,714
nearby,174,0,766
nearby,174,1,663
nearby,174,2,131
nearby,174,3,474
nearby,174,4,888
nearby,174,5,85
nearby,174,6,569
nearby,174,7,710
nearby,174,8,251
nearby,174,9,225
nearby,174,10,846
nearby,174,11,194
nearby,174,12,692
nearby,174,13,925
nearby,174,14,398
nearby,174,15,783
nearby,174,16,226
nearby,174,17,291
nearby,174,18,189
nearby,174,19,488
nearby,175,0,657
nearby,175,1,560
nearby,175,2,388
nearby,175,3,477
nearby,175,4,509
nearby,175,5,87
nearby,175,6,139
nearby,175,7,911
nearby,175,8,258
nearby,175,9,671
nearby,175,10,947
nearby,175,11,753
nearby,175,12,865
nearby,175,13,913
nearby,175,14,324
nearby,175,15,638
nearby,175,16,366
nearby,175,17,526
nearby,175,18,584
nearby,175,19,429
nearby,176,0,658
nearby,176,1,181
nearby,176,2,83
nearby,176,3,611
nearby,176,4,259
nearby,176,5,561
nearby,176,6,752
nearby,176,7,121
nearby,176,8,758
nearby,176,9,561
nearby,176,10,612
nearby,176,11,478
nearby,176,12,518
nearby,176,13,763
nearby,176,14,896
nearby,176,15,596
nearby,176,16,68
nearby,176,17,328
nearby,176,18,173
nearby,176,19,446
nearby,177,0,625
nearby,177,1,810
nearby,177,2,62
nearby,177,3,508
nearby,177,4,458
nearby,177,5,355
nearby,177,6,847
nearby,177,7,896
nearby,177,8,220
nearby,177,9,838
nearby,177,10,933
nearby,177,11,536
nearby,177,12,376
nearby,177,13,112
nearby,177,14,427
nearby,177,15,190
nearby,177,16,511
nearby,177,17,403
nearby,177,18,479
nearby,177,19,675
nearby,178,0,367
nearby,178,1,495
nearby,178,2,523
nearby,178,3,441
nearby,178,4,694
nearby,178,5,656
nearby,178,6,286
nearby,178,7,309
nearby,178,8,203
nearby,178,9,839
nearby,178,10,481
nearby,178,11,848
nearby,178,12,646
nearby,178,13,830
nearby,178,14,383
nearby,178,15,221
nearby,178,16,848
nearby,178,17,185
nearby,178,18,615
nearby,178,19,208
nearby,179,0,311
nearby,179,1,526
nearby,179,2,497
nearby,179,3,750
nearby,179,4,473
nearby,179,5,916
nearby,179,6,393
nearby,179,7,396
nearby,179,8,564
nearby,179,9,191
nearby,179,10,479
nearby,179,11,723
nearby,179,12,627
nearby,179,13,182
nearby,179,14,444
nearby,179,15,484
nearby,179,16,173
nearby,179,17,754
nearby,179,18,661
nearby,179,19,8
nearby,180,0,759
nearby,180,1,848
nearby,180,2,112
nearby,180,3,516
nearby,180,4,668
nearby,180,5,189
nearby,180,6,217
nearby,180,7,617
nearby,180,8,598
nearby,180,9,117
nearby,180,10,831
nearby,180,11,251
nearby,180,12,906
nearby,180,13,905
nearby,180,14,560
nearby,180,15,86
nearby,180,16,573
nearby,180,17,938
nearby,180,18,63
nearby,180,19,908
nearby,181,0,188
nearby,181,1,889
nearby,181,2,534
nearby,181,3,86
nearby,181,4,999
nearby,181,5,187
nearby,181,6,441
nearby,181,7,186
nearby,181,8,762
nearby,181,9,61
nearby,181,10,827
nearby,181,11,106
nearby,181,12,222
nearby,181,13,756
nearby,181,14,814
nearby,181,15,113
nearby,181,16,716
nearby,181,17,54
nearby,181,18,200
nearby,181,19,808
nearby,182,0,809
nearby,182,1,259
nearby,182,2,908
nearby,182,3,290
nearby,182,4,905
nearby,182,5,316
nearby,182,6,761
nearby,182,7,593
nearby,182,8,846
nearby,182,9,408
nearby,182,10,509
nearby,182,11,780
nearby,182,12,516
nearby,182,13,447
nearby,182,14,311
nearby,182,15,201
nearby,182,16,773
nearby,182,17,217
nearby,182,18,948
nearby,182,19,932
nearby,183,0,210
nearby,183,1,253
nearby,183,2,621
nearby,183,3,481
nearby,183,4,900
nearby,183,5,557
nearby,183,6,318
nearby,183,7,379
nearby,183,8,909
nearby,183,9,511
nearby,183,10,985
nearby,183,11,904
nearby,183,12,681
nearby,183,13,716
nearby,183,14,115
nearby,183,15,70
nearby,183,16,214
nearby,183,17,385
nearby,183,18,825
nearby,183,19,427
nearby,184,0,533
nearby,184,1,130
nearby,184,2,571
nearby,184,3,599
nearby,184,4,621
nearby,184,5,141
nearby,184,6,612
nearby,184,7,786
nearby,184,8,838
nearby,184,9,402
nearby,184,10,662
nearby,184,11,186
nearby,184,12,297
nearby,184,13,820
nearby,184,14,759
nearby,184,15,381
nearby,184,16,208
nearby,184,17,592
nearby,184,18,576
nearby,184,19,318
nearby,185,0,320
nearby,185,1,253
nearby,185,2,349
nearby,185,3,831
nearby,185,4,394
nearby,185,5,557
nearby,185,6,105
nearby,185,7,752
nearby,185,8,522
nearby,185,9,191
nearby,185,10,181
nearby,185,11,891
nearby,185,12,200
nearby,185,13,13
nearby,185,14,409
nearby,185,15,762
nearby,185,16,833
nearby,185,17,317
nearby,185,18,683
nearby,185,19,55
nearby,186,0,401
nearby,186,1,416
nearby,186,2,920
nearby,186,3,309
nearby,186,4,583
nearby,186,5,665
nearby,186,6,570
nearby,186,7,369
nearby,186,8,199
nearby,186,9,54
nearby,186,10,455
nearby,186,11,185
nearby,186,12,513
nearby,186,13,80
nearby,186,14,527
nearby,186,15,912
nearby,186,16,442
nearby,186,17,783
nearby,186,18,615
nearby,186,19,85
nearby,187,0,365
nearby,187,1,190
nearby,187,2,504
nearby,187,3,219
nearby,187,4,595
nearby,187,5,618
nearby,187,6,593
nearby,187,7,350
nearby,187,8,782
nearby,187,9,809
nearby,187,10,66
nearby,187,11,919
nearby,187,12,427
nearby,187,13,474
nearby,187,14,406
nearby,187,15,137
nearby,187,16,81
nearby,187,17,14
nearby,187,18,189
nearby,187,19,442
nearby,188,0,135
nearby,188,1,187
nearby,188,2,428
nearby,188,3,506
nearby,188,4,662
nearby,188,5,209
nearby,188,6,850
nearby,188,7,905
nearby,188,8,184
nearby,188,9,855
nearby,188,10,935
nearby,188,11,584
nearby,188,12,606
nearby,188,13,944
nearby,188,14,819
nearby,188,15,371
nearby,188,16,825
nearby,188,17,720
nearby,188,18,598
nearby,188,19,912
nearby,189,0,622
nearby,189,1,620
nearby,189,2,408
nearby,189,3,224
nearby,189,4,530
nearby,189,5,792
nearby,189,6,894
nearby,189,7,855
nearby,189,8,372
nearby,189,9,667
nearby,189,10,653
nearby,189,11,820
nearby,189,12,514
nearby,189,13,180
nearby,189,14,479
nearby,189,15,685
nearby,189,16,190
nearby,189,17,196
nearby,189,18,107
nearby,189,19,560
nearby,190,0,205
nearby,190,1,848
nearby,190,2,375
nearby,190,3,252
nearby,190,4,628
nearby,190,5,479
nearby,190,6,670
nearby,190,7,147
nearby,190,8,413
nearby,190,9,156
nearby,190,10,759
nearby,190,11,949
nearby,190,12,489
nearby,190,13,719
nearby,190,14,681
nearby,190,15,493
nearby,190,16,70
nearby,190,17,508
nearby,190,18,807
nearby,190,19,835
nearby,191,0,776
nearby,191,1,676
nearby,191,2,62
nearby,191,3,512
nearby,191,4,658
nearby,191,5,477
nearby,191,6,215
nearby,191,7,748
nearby,191,8,911
nearby,191,9,186
nearby,191,10,500
nearby,191,11,557
nearby,191,12,213
nearby,191,13,862
nearby,191,14,905
nearby,191,15,373
nearby,191,16,677
nearby,191,17,250
nearby,191,18,410
nearby,191,19,250
nearby,192,0,58
nearby,192,1,88
nearby,192,2,684
nearby,192,3,855
nearby,192,4,626
nearby,192,5,498
nearby,192,6,574
nearby,192,7,631
nearby,192,8,503
nearby,192,9,749
nearby,192,10,75
nearby,192,11,59
nearby,192,12,641
nearby,192,13,207
nearby,192,14,440
nearby,192,15,404
nearby,192,16,139
nearby,192,17,887
nearby,192,18,751
nearby,192,19,363
nearby,193,0,113
nearby,193,1,186
nearby,193,2,66
nearby,193,3,204
nearby,193,4,104
nearby,193,5,726
nearby,193,6,115
nearby,193,7,137
nearby,193,8,617
nearby,193,9,832
nearby,193,10,90
nearby,193,11,755
nearby,193,12,664
nearby,193,13,517
nearby,193,14,452
nearby,193,15,635
nearby,193,16,594
nearby,193,17,749
nearby,193,18,892
nearby,193,19,363
nearby,194,0,356
nearby,194,1,863
nearby,194,2,658
nearby,194,3,575
nearby,194,4,896
nearby,194,5,903
nearby,194,6,373
nearby,194,7,645
nearby,194,8,192
nearby,194,9,907
nearby,194,10,277
nearby,194,11,816
nearby,194,12,844
nearby,194,13,532
nearby,194,14,519
nearby,194,15,520
nearby,194,16,402
nearby,194,17,390
nearby,194,18,623
nearby,194,19,507
nearby,195,0,83
nearby,195,1,514
nearby,195,2,383
nearby,195,3,674
nearby,195,4,628
nearby,195,5,832
nearby,195,6,584
nearby,195,7,723
nearby,195,8,639
nearby,195,9,307
nearby,195,10,144
nearby,195,11,569
nearby,195,12,191
nearby,195,13,199
nearby,195,14,990
nearby,195,15,718
nearby,195,16,76
nearby,195,17,415
nearby,195,18,193
nearby,195,19,756
nearby,196,0,308
nearby,196,1,267
nearby,196,2,503
nearby,196,3,448
nearby,196,4,842
nearby,196,5,228
nearby,196,6,55
nearby,196,7,371
nearby,196,8,63
nearby,196,9,724
nearby,196,10,590
nearby,196,11,894
nearby,196,12,566
nearby,196,13,621
nearby,196,14,477
nearby,196,15,448
nearby,196,16,566
nearby,196,17,752
nearby,196,18,530
nearby,196,19,675
nearby,197,0,569
nearby,197,1,327
nearby,197,2,379
nearby,197,3,64
nearby,197,4,84
nearby,197,5,51
nearby,197,6,273
nearby,197,7,863
nearby,197,8,721
nearby,197,9,501
nearby,197,10,592
nearby,197,11,688
nearby,197,12,406
nearby,197,13,814
nearby,197,14,498
nearby,197,15,292
nearby,197,16,505
nearby,197,17,487
nearby,197,18,901
nearby,197,19,398
nearby,198,0,830
nearby,198,1,855
nearby,198,2,66
nearby,198,3,534
nearby,198,4,710
nearby,198,5,441
nearby,198,6,623
nearby,198,7,816
nearby,198,8,324
nearby,198,9,368
nearby,198,10,318
nearby,198,11,450
nearby,198,12,232
nearby,198,13,407
nearby,198,14,619
nearby,198,15,639
nearby,198,16,50
nearby,198,17,530
nearby,198,18,413
nearby,198,19,428
nearby,199,0,477
nearby,199,1,579
nearby,199,2,480
nearby,199,3,721
nearby,199,4,16
nearby,199,5,713
nearby,199,6,673
nearby,199,7,53
nearby,199,8,687
nearby,199,9,256
nearby,199,10,624
nearby,199,11,444
nearby,199,12,534
nearby,199,13,725
nearby,199,14,653
nearby,199,15,227
nearby,199,16,76
nearby,199,17,750
nearby,199,18,411
nearby,199,19,104
nearby,200,0,720
nearby,200,1,405
nearby,200,2,915
nearby,200,3,676
nearby,200,4,80
nearby,200,5,623
nearby,200,6,757
nearby,200,7,141
nearby,200,8,901
nearby,200,9,847
nearby,200,10,493
nearby,200,11,485
nearby,200,12,123
nearby,200,13,379
nearby,200,14,444
nearby,200,15,349
nearby,200,16,832
nearby,200,17,711
nearby,200,18,77
nearby,200,19,73
nearby,201,0,528
nearby,201,1,50
nearby,201,2,913
nearby,201,3,528
nearby,201,4,50
nearby,201,5,61
nearby,201,6,354
nearby,201,7,489
nearby,201,8,838
nearby,201,9,600
nearby,201,10,193
nearby,201,11,387
nearby,201,12,382
nearby,201,13,621
nearby,201,14,191
nearby,201,15,822
nearby,201,16,119
nearby,201,17,82
nearby,201,18,211
nearby,201,19,836
nearby,202,0,516
nearby,202,1,565
nearby,202,2,76
nearby,202,3,906
nearby,202,4,586
nearby,202,5,638
nearby,202,6,755
nearby,202,7,716
nearby,202,8,588
nearby,202,9,822
nearby,202,10,502
nearby,202,11,15
nearby,202,12,492
nearby,202,13,896
nearby,202,14,391
nearby,202,15,503
nearby,202,16,685
nearby,202,17,382
nearby,202,18,188
nearby,202,19,940
nearby,203,0,318
nearby,203,1,583
nearby,203,2,260
nearby,203,3,677
nearby,203,4,873
nearby,203,5,822
nearby,203,6,364
nearby,203,7,255
nearby,203,8,624
nearby,203,9,624
nearby,203,10,147
nearby,203,11,721
nearby,203,12,63
nearby,203,13,218
nearby,203,14,215
nearby,203,15,567
nearby,203,16,136
nearby,203,17,493
nearby,203,18,87
nearby,203,19,511
nearby,204,0,58
nearby,204,1,446
nearby,204,2,210
nearby,204,3,582
nearby,204,4,133
nearby,204,5,814
nearby,204,6,719
nearby,204,7,476
nearby,204,8,412
nearby,204,9,863
nearby,204,10,492
nearby,204,11,901
nearby,204,12,580
nearby,204,13,845
nearby,204,14,87
nearby,204,15,179
nearby,204,16,629
nearby,204,17,177
nearby,204,18,915
nearby,204,19,322
nearby,205,0,112
nearby,205,1,712
nearby,205,2,386
nearby,205,3,667
nearby,205,4,624
nearby,205,5,369
nearby,205,6,650
nearby,205,7,317
nearby,205,8,177
nearby,205,9,230
nearby,205,10,532
nearby,205,11,56
nearby,205,12,360
nearby,205,13,482
nearby,205,14,479
nearby,205,15,818
nearby,205,16,893
nearby,205,17,835
nearby,205,18,258
nearby,205,19,495
nearby,206,0,51
nearby,206,1,492
nearby,206,2,763
nearby,206,3,777
nearby,206,4,287
nearby,206,5,508
nearby,206,6,827
nearby,206,7,138
nearby,206,8,620
nearby,206,9,635
nearby,206,10,915
nearby,206,11,311
nearby,206,12,808
nearby,206,13,510
nearby,206,14,82
nearby,206,15,360
nearby,206,16,564
nearby,206,17,251
nearby,206,18,446
nearby,206,19,138
nearby,207,0,198
nearby,207,1,678
nearby,207,2,855
nearby,207,3,410
nearby,207,4,568
nearby,207,5,899
nearby,207,6,712
nearby,207,7,442
nearby,207,8,173
nearby,207,9,438
nearby,207,10,18
nearby,207,11,86
nearby,207,12,777
nearby,207,13,83
nearby,207,14,752
nearby,207,15,144
nearby,207,16,207
nearby,207,17,721
nearby,207,18,587
nearby,207,19,590
nearby,208,0,79
nearby,208,1,352
nearby,208,2,414
nearby,208,3,777
nearby,208,4,786
nearby,208,5,384
nearby,208,6,671
nearby,208,7,346
nearby,208,8,600
nearby,208,9,591
nearby,208,10,829
nearby,208,11,316
nearby,208,12,374
nearby,208,13,939
nearby,208,14,229
nearby,208,15,199
nearby,208,16,216
nearby,208,17,219
nearby,208,18,109
nearby,208,19,210
nearby,209,0,508
nearby,209,1,154
nearby,209,2,508
nearby,209,3,677
nearby,209,4,510
nearby,209,5,212
nearby,209,6,529
nearby,209,7,903
nearby,209,8,758
nearby,209,9,410
nearby,209,10,199
nearby,209,11,131
nearby,209,12,88
nearby,209,13,476
nearby,209,14,481
nearby,209,15,508
nearby,209,16,825
nearby,209,17,393
nearby,209,18,784
nearby,209,19,287
nearby,210,0,55
nearby,210,1,652
nearby,210,2,686
nearby,210,3,521
nearby,210,4,620
nearby,210,5,388
nearby,210,6,785
nearby,210,7,907
nearby,210,8,535
nearby,210,9,683
nearby,210,10,631
nearby,210,11,363
nearby,210,12,186
nearby,210,13,487
nearby,210,14,289
nearby,210,15,406
nearby,210,16,481
nearby,210,17,572
nearby,210,18,360
nearby,210,19,574
nearby,211,0,133
nearby,211,1,507
nearby,211,2,413
nearby,211,3,366
nearby,211,4,838
nearby,211,5,939
nearby,211,6,131
nearby,211,7,589
nearby,211,8,678
nearby,211,9,440
nearby,211,10,520
nearby,211,11,912
nearby,211,12,142
nearby,211,13,533
nearby,211,14,909
nearby,211,15,17
nearby,211,16,588
nearby,211,17,753
nearby,211,18,833
nearby,211,19,657
nearby,212,0,111
nearby,212,1,356
nearby,212,2,638
nearby,212,3,172
nearby,212,4,491
nearby,212,5,684
nearby,212,6,110
nearby,212,7,846
nearby,212,8,384
nearby,212,9,433
nearby,212,10,679
nearby,212,11,647
nearby,212,12,289
nearby,212,13,846
nearby,212,14,916
nearby,212,15,946
nearby,212,16,352
nearby,212,17,196
nearby,212,18,786
nearby,212,19,479
nearby,213,0,567
nearby,213,1,224
nearby,213,2,907
nearby,213,3,310
nearby,213,4,488
nearby,213,5,763
nearby,213,6,195
nearby,213,7,139
nearby,213,8,595
nearby,213,9,512
nearby,213,10,687
nearby,213,11,680
nearby,213,12,493
nearby,213,13,401
nearby,213,14,130
nearby,213,15,749
nearby,213,16,273
nearby,213,17,353
nearby,213,18,498
nearby,213,19,679
nearby,214,0,814
nearby,214,1,988
nearby,214,2,813
nearby,214,3,443
nearby,214,4,662
nearby,214,5,948
nearby,214,6,136
nearby,214,7,503
nearby,214,8,517
nearby,214,9,392
nearby,214,10,815
nearby,214,11,317
nearby,214,12,723
nearby,214,13,416
nearby,214,14,400
nearby,214,15,318
nearby,214,16,627
nearby,214,17,780
nearby,214,18,836
nearby,214,19,890
nearby,215,0,328
nearby,215,1,196
nearby,215,2,856
nearby,215,3,288
nearby,215,4,623
nearby,215,5,257
nearby,215,6,525
nearby,215,7,285
nearby,215,8,679
nearby,215,9,512
nearby,215,10,564
nearby,215,11,170
nearby,215,12,723
nearby,215,13,534
nearby,215,14,916
nearby,215,15,179
nearby,215,16,67
nearby,215,17,651
nearby,215,18,557
nearby,215,19,834
nearby,216,0,450
nearby,216,1,484
nearby,216,2,381
nearby,216,3,441
nearby,216,4,774
nearby,216,5,570
nearby,216,6,664
nearby,216,7,815
nearby,216,8,147
nearby,216,9,319
nearby,216,10,173
nearby,216,11,316
nearby,216,12,137
nearby,216,13,532
nearby,216,14,327
nearby,216,15,657
nearby,216,16,749
nearby,216,17,510
nearby,216,18,200
nearby,216,19,199
nearby,217,0,902
nearby,217,1,650
nearby,217,2,327
nearby,217,3,258
nearby,217,4,647
nearby,217,5,667
nearby,217,6,250
nearby,217,7,77
nearby,217,8,579
nearby,217,9,598
nearby,217,10,723
nearby,217,11,473
nearby,217,12,510
nearby,217,13,364
nearby,217,14,923
nearby,217,15,369
nearby,217,16,493
nearby,217,17,357
nearby,217,18,318
nearby,217,19,359
nearby,218,0,314
nearby,218,1,824
nearby,218,2,689
nearby,218,3,488
nearby,218,4,809
nearby,218,5,892
nearby,218,6,530
nearby,218,7,384
nearby,218,8,809
nearby,218,9,399
nearby,218,10,497
nearby,218,11,413
nearby,218,12,935
nearby,218,13,133
nearby,218,14,641
nearby,218,15,360
nearby,218,16,996
nearby,218,17,643
nearby,218,18,615
nearby,218,19,215
nearby,219,0,365
nearby,219,1,756
nearby,219,2,249
nearby,219,3,585
nearby,219,4,913
nearby,219,5,613
nearby,219,6,821
nearby,219,7,353
nearby,219,8,646
nearby,219,9,851
nearby,219,10,411
nearby,219,11,54
nearby,219,12,710
nearby,219,13,153
nearby,219,14,289
nearby,219,15,199
nearby,219,16,617
nearby,219,17,200
nearby,219,18,383
nearby,219,19,528
nearby,220,0,824
nearby,220,1,257
nearby,220,2,831
nearby,220,3,938
nearby,220,4,481
nearby,220,5,841
nearby,220,6,576
nearby,220,7,179
nearby,220,8,321
nearby,220,9,938
nearby,220,10,919
nearby,220,11,81
nearby,220,12,479
nearby,220,13,766
nearby,220,14,705
nearby,220,15,257
nearby,220,16,513
nearby,220,17,112
nearby,220,18,353
nearby,220,19,200
nearby,221,0,71
nearby,221,1,748
nearby,221,2,208
nearby,221,3,75
nearby,221,4,250
nearby,221,5,319
nearby,221,6,498
nearby,221,7,179
nearby,221,8,997
nearby,221,9,394
nearby,221,10,409
nearby,221,11,764
nearby,221,12,377
nearby,221,13,678
nearby,221,14,534
nearby,221,15,320
nearby,221,16,113
nearby,221,17,512
nearby,221,18,669
nearby,221,19,115
nearby,222,0,260
nearby,222,1,587
nearby,222,2,57
nearby,222,3,671
nearby,222,4,366
nearby,222,5,248
nearby,222,6,175
nearby,222,7,727
nearby,222,8,814
nearby,222,9,596
nearby,222,10,309
nearby,222,11,664
nearby,222,12,757
nearby,222,13,781
nearby,222,14,940
nearby,222,15,62
nearby,222,16,187
nearby,222,17,809
nearby,222,18,642
nearby,222,19,816
nearby,223,0,406
nearby,223,1,205
nearby,223,2,569
nearby,223,3,108
nearby,223,4,817
nearby,223,5,414
nearby,223,6,366
nearby,223,7,474
nearby,223,8,86
nearby,223,9,311
nearby,223,10,901
nearby,223,11,682
nearby,223,12,589
nearby,223,13,256
nearby,223,14,283
nearby,223,15,814
nearby,223,16,393
nearby,223,17,596
nearby,223,18,856
nearby,223,19,321
nearby,224,0,920
nearby,224,1,613
nearby,224,2,190
nearby,224,3,616
nearby,224,4,616
nearby,224,5,614
nearby,224,6,897
nearby,224,7,384
nearby,224,8,213
nearby,224,9,222
nearby,224,10,158
nearby,224,11,359
nearby,224,12,80
nearby,224,13,837
nearby,224,14,140
nearby,224,15,709
nearby,224,16,854
nearby,224,17,356
nearby,224,18,838
nearby,224,19,820
nearby,225,0,496
nearby,225,1,508
nearby,225,2,512
nearby,225,3,509
nearby,225,4,675
nearby,225,5,180
nearby,225,6,89
nearby,225,7,182
nearby,225,8,838
nearby,225,9,208
nearby,225,10,392
nearby,225,11,771
nearby,225,12,177
nearby,225,13,934
nearby,225,14,88
nearby,225,15,513
nearby,225,16,61
nearby,225,17,943
nearby,225,18,903
nearby,225,19,666
nearby,226,0,311
nearby,226,1,509
nearby,226,2,478
nearby,226,3,439
nearby,226,4,890
nearby,226,5,692
nearby,226,6,682
nearby,226,7,361
nearby,226,8,914
nearby,226,9,802
nearby,226,10,720
nearby,226,11,600
nearby,226,12,675
nearby,226,13,576
nearby,226,14,664
nearby,226,15,224
nearby,226,16,522
nearby,226,17,252
nearby,226,18,898
nearby,226,19,650
nearby,227,0,384
nearby,227,1,587
nearby,227,2,250
nearby,227,3,396
nearby,227,4,715
nearby,227,5,840
nearby,227,6,595
nearby,227,7,679
nearby,227,8,900
nearby,227,9,135
nearby,227,10,141
nearby,227,11,438
nearby,227,12,844
nearby,227,13,122
nearby,227,14,310
nearby,227,15,566
nearby,227,16,850
nearby,227,17,291
nearby,227,18,205
nearby,227,19,676
nearby,228,0,414
nearby,228,1,810
nearby,228,2,370
nearby,228,3,856
nearby,228,4,785
nearby,228,5,628
nearby,228,6,172
nearby,228,7,781
nearby,228,8,88
nearby,228,9,450
nearby,228,10,675
nearby,228,11,339
nearby,228,12,308
nearby,228,13,210
nearby,228,14,832
nearby,228,15,660
nearby,228,16,595
nearby,228,17,77
nearby,228,18,475
nearby,228,19,438
nearby,229,0,648
nearby,229,1,77
nearby,229,2,650
nearby,229,3,473
nearby,229,4,817
nearby,229,5,977
nearby,229,6,819
nearby,229,7,524
nearby,229,8,846
nearby,229,9,751
nearby,229,10,323
nearby,229,11,823
nearby,229,12,104
nearby,229,13,67
nearby,229,14,112
nearby,229,15,451
nearby,229,16,394
nearby,229,17,627
nearby,229,18,725
nearby,229,19,578
nearby,230,0,620
nearby,230,1,327
nearby,230,2,676
nearby,230,3,194
nearby,230,4,664
nearby,230,5,51
nearby,230,6,140
nearby,230,7,368
nearby,230,8,782
nearby,230,9,528
nearby,230,10,111
nearby,230,11,280
nearby,230,12,145
nearby,230,13,73
nearby,230,14,582
nearby,230,15,486
nearby,230,16,821
nearby,230,17,530
nearby,230,18,372
nearby,230,19,764
nearby,231,0,370
nearby,231,1,364
nearby,231,2,79
nearby,231,3,252
nearby,231,4,718
nearby,231,5,204
nearby,231,6,370
nearby,231,7,835
nearby,231,8,825
nearby,231,9,904
nearby,231,10,698
nearby,231,11,312
nearby,231,12,137
nearby,231,13,586
nearby,231,14,387
nearby,231,15,360
nearby,231,16,713
nearby,231,17,229
nearby,231,18,725
nearby,231,19,318
nearby,232,0,192
nearby,232,1,776
nearby,232,2,258
nearby,232,3,495
nearby,232,4,644
nearby,232,5,836
nearby,232,6,759
nearby,232,7,139
nearby,232,8,147
nearby,232,9,702
nearby,232,10,658
nearby,232,11,779
nearby,232,12,615
nearby,232,13,816
nearby,232,14,478
nearby,232,15,812
nearby,232,16,657
nearby,232,17,712
nearby,232,18,362
nearby,232,19,839
nearby,233,0,386
nearby,233,1,530
nearby,233,2,409
nearby,233,3,863
nearby,233,4,110
nearby,233,5,290
nearby,233,6,938
nearby,233,7,75
nearby,233,8,406
nearby,233,9,457
nearby,233,10,190
nearby,233,11,513
nearby,233,12,368
nearby,233,13,133
nearby,233,14,203
nearby,233,15,753
nearby,233,16,514
nearby,233,17,825
nearby,233,18,644
nearby,233,19,687
nearby,234,0,615
nearby,234,1,862
nearby,234,2,808
nearby,234,3,721
nearby,234,4,579
nearby,234,5,671
nearby,234,6,807
nearby,234,7,228
nearby,234,8,848
nearby,234,9,307
nearby,234,10,760
nearby,234,11,74
nearby,234,12,451
nearby,234,13,509
nearby,234,14,484
nearby,234,15,403
nearby,234,16,216
nearby,234,17,710
nearby,234,18,892
nearby,234,19,667
nearby,235,0,494
nearby,235,1,763
nearby,235,2,935
nearby,235,3,569
nearby,235,4,778
nearby,235,5,396
nearby,235,6,362
nearby,235,7,723
nearby,235,8,113
nearby,235,9,495
nearby,235,10,897
nearby,235,11,486
nearby,235,12,735
nearby,235,13,495
nearby,235,14,288
nearby,235,15,715
nearby,235,16,937
nearby,235,17,590
nearby,235,18,575
nearby,235,19,687
nearby,236,0,478
nearby,236,1,108
nearby,236,2,831
nearby,236,3,687
nearby,236,4,817
nearby,236,5,753
nearby,236,6,687
nearby,236,7,528
nearby,236,8,321
nearby,236,9,201
nearby,236,10,574
nearby,236,11,572
nearby,236,12,444
nearby,236,13,897
nearby,236,14,489
nearby,236,15,568
nearby,236,16,876
nearby,236,17,512
nearby,236,18,508
nearby,236,19,288
nearby,237,0,829
nearby,237,1,312
nearby,237,2,350
nearby,237,3,843
nearby,237,4,478
nearby,237,5,252
nearby,237,6,584
nearby,237,7,361
nearby,237,8,625
nearby,237,9,307
nearby,237,10,929
nearby,237,11,570
nearby,237,12,514
nearby,237,13,72
nearby,237,14,219
nearby,237,15,825
nearby,237,16,686
nearby,237,17,570
nearby,237,18,655
nearby,237,19,667
nearby,238,0,172
nearby,238,1,910
nearby,238,2,658
nearby,238,3,834
nearby,238,4,657
nearby,238,5,182
nearby,238,6,941
nearby,238,7,182
nearby,238,8,246
nearby,238,9,907
nearby,238,10,373
nearby,238,11,147
nearby,238,12,271
nearby,238,13,183
nearby,238,14,77
nearby,238,15,785
nearby,238,16,429
nearby,238,17,320
nearby,238,18,847
nearby,238,19,726
nearby,239,0,855
nearby,239,1,523
nearby,239,2,364
nearby,239,3,690
nearby,239,4,564
nearby,239,5,979
nearby,239,6,145
nearby,239,7,892
nearby,239,8,354
nearby,239,9,525
nearby,239,10,326
nearby,239,11,510
nearby,239,12,723
nearby,239,13,856
nearby,239,14,560
nearby,239,15,445
nearby,239,16,620
nearby,239,17,813
nearby,239,18,525
nearby,239,19,618
nearby,240,0,748
nearby,240,1,916
nearby,240,2,783
nearby,240,3,872
nearby,240,4,646
nearby,240,5,676
nearby,240,6,596
nearby,240,7,691
nearby,240,8,316
nearby,240,9,373
nearby,240,10,512
nearby,240,11,915
nearby,240,12,512
nearby,240,13,724
nearby,240,14,831
nearby,240,15,723
nearby,240,16,842
nearby,240,17,324
nearby,240,18,908
nearby,240,19,899
nearby,241,0,88
nearby,241,1,766
nearby,241,2,253
nearby,241,3,446
nearby,241,4,940
nearby,241,5,533
nearby,241,6,398
nearby,241,7,506
nearby,241,8,751
nearby,241,9,912
nearby,241,10,18
nearby,241,11,130
nearby,241,12,134
nearby,241,13,477
nearby,241,14,855
nearby,241,15,59
nearby,241,16,516
nearby,241,17,395
nearby,241,18,384
nearby,241,19,76
nearby,242,0,795
nearby,242,1,638
nearby,242,2,507
nearby,242,3,766
nearby,242,4,947
nearby,242,5,400
nearby,242,6,474
nearby,242,7,505
nearby,242,8,864
nearby,242,9,612
nearby,242,10,653
nearby,242,11,212
nearby,242,12,529
nearby,242,13,378
nearby,242,14,255
nearby,242,15,911
nearby,242,16,358
nearby,242,17,83
nearby,242,18,51
nearby,242,19,491
nearby,243,0,765
nearby,243,1,827
nearby,243,2,584
nearby,243,3,196
nearby,243,4,941
nearby,243,5,390
nearby,243,6,402
nearby,243,7,713
nearby,243,8,901
nearby,243,9,82
nearby,243,10,659
nearby,243,11,623
nearby,243,12,345
nearby,243,13,177
nearby,243,14,309
nearby,243,15,191
nearby,243,16,198
nearby,243,17,223
nearby,243,18,863
nearby,243,19,937
nearby,244,0,517
nearby,244,1,635
nearby,244,2,510
nearby,244,3,64
nearby,244,4,415
nearby,244,5,765
nearby,244,6,901
nearby,244,7,365
nearby,244,8,723
nearby,244,9,574
nearby,244,10,623
nearby,244,11,850
nearby,244,12,191
nearby,244,13,917
nearby,244,14,943
nearby,244,15,643
nearby,244,16,413
nearby,244,17,523
nearby,244,18,757
nearby,244,19,830
nearby,245,0,218
nearby,245,1,854
nearby,245,2,225
nearby,245,3,812
nearby,245,4,523
nearby,245,5,170
nearby,245,6,593
nearby,245,7,357
nearby,245,8,761
nearby,245,9,291
nearby,245,10,621
nearby,245,11,914
nearby,245,12,584
nearby,245,13,60
nearby,245,14,64
nearby,245,15,198
nearby,245,16,65
nearby,245,17,501
nearby,245,18,848
nearby,245,19,939
nearby,246,0,83
nearby,246,1,683
nearby,246,2,222
nearby,246,3,750
nearby,246,4,135
nearby,246,5,847
nearby,246,6,864
nearby,246,7,325
nearby,246,8,80
nearby,246,9,668
nearby,246,10,717
nearby,246,11,630
nearby,246,12,757
nearby,246,13,427
nearby,246,14,137
nearby,246,15,430
nearby,246,16,176
nearby,246,17,777
nearby,246,18,809
nearby,246,19,670
nearby,247,0,285
nearby,247,1,570
nearby,247,2,846
nearby,247,3,471
nearby,247,4,759
nearby,247,5,572
nearby,247,6,627
nearby,247,7,721
nearby,247,8,753
nearby,247,9,68
nearby,247,10,414
nearby,247,11,920
nearby,247,12,521
nearby,247,13,677
nearby,247,14,517
nearby,247,15,713
nearby,247,16,901
nearby,247,17,475
nearby,247,18,569
nearby,247,19,67
nearby,248,0,135
nearby,248,1,319
nearby,248,2,70
nearby,248,3,328
nearby,248,4,495
nearby,248,5,618
nearby,248,6,78
nearby,248,7,479
nearby,248,8,414
nearby,248,9,782
nearby,248,10,107
nearby,248,11,64
nearby,248,12,489
nearby,248,13,378
nearby,248,14,227
nearby,248,15,444
nearby,248,16,861
nearby,248,17,314
nearby,248,18,441
nearby,248,19,179
nearby,249,0,766
nearby,249,1,557
nearby,249,2,983
nearby,249,3,577
nearby,249,4,443
nearby,249,5,573
nearby,249,6,225
nearby,249,7,74
nearby,249,8,259
nearby,249,9,680
nearby,249,10,659
nearby,249,11,932
nearby,249,12,916
nearby,249,13,452
nearby,249,14,560
nearby,249,15,763
nearby,249,16,374
nearby,249,17,214
nearby,249,18,446
nearby,249,19,644
nearby,250,0,54
nearby,250,1,509
nearby,250,2,310
nearby,250,3,204
nearby,250,4,580
nearby,250,5,484
nearby,250,6,889
nearby,250,7,371
nearby,250,8,935
nearby,250,9,619
nearby,250,10,520
nearby,250,11,188
nearby,250,12,622
nearby,250,13,653
nearby,250,14,491
nearby,250,15,229
nearby,250,16,66
nearby,250,17,926
nearby,250,18,828
nearby,250,19,688
nearby,251,0,560
nearby,251,1,311
nearby,251,2,146
nearby,251,3,911
nearby,251,4,907
nearby,251,5,864
nearby,251,6,696
nearby,251,7,386
nearby,251,8,328
nearby,251,9,776
nearby,251,10,393
nearby,251,11,387
nearby,251,12,947
nearby,251,13,364
nearby,251,14,212
nearby,251,15,688
nearby,251,16,677
nearby,251,17,446
nearby,251,18,361
nearby,251,19,64
nearby,252,0,79
nearby,252,1,259
nearby,252,2,476
nearby,252,3,926
nearby,252,4,67
nearby,252,5,375
nearby,252,6,59
nearby,252,7,397
nearby,252,8,750
nearby,252,9,909
nearby,252,10,652
nearby,252,11,947
nearby,252,12,568
nearby,252,13,786
nearby,252,14,208
nearby,252,15,107
nearby,252,16,200
nearby,252,17,830
nearby,252,18,527
nearby,252,19,173
nearby,253,0,88
nearby,253,1,836
nearby,253,2,587
nearby,253,3,134
nearby,253,4,901
nearby,253,5,176
nearby,253,6,896
nearby,253,7,287
nearby,253,8,68
nearby,253,9,574
nearby,253,10,903
nearby,253,11,562
nearby,253,12,82
nearby,253,13,877
nearby,253,14,75
nearby,253,15,651
nearby,253,16,561
nearby,253,17,813
nearby,253,18,569
nearby,253,19,209
nearby,254,0,480
nearby,254,1,566
nearby,254,2,575
nearby,254,3,639
nearby,254,4,198
nearby,254,5,80
nearby,254,6,935
nearby,254,7,142
nearby,254,8,446
nearby,254,9,948
nearby,254,10,784
nearby,254,11,360
nearby,254,12,716
nearby,254,13,835
nearby,254,14,318
nearby,254,15,171
nearby,254,16,536
nearby,254,17,112
nearby,254,18,843
nearby,254,19,835
nearby,255,0,519
nearby,255,1,711
nearby,255,2,796
nearby,255,3,581
nearby,255,4,590
nearby,255,5,382
nearby,255,6,317
nearby,255,7,514
nearby,255,8,389
nearby,255,9,488
nearby,255,10,410
nearby,255,11,663
nearby,255,12,840
nearby,255,13,578
nearby,255,14,450
nearby,255,15,906
nearby,255,16,947
nearby,255,17,841
nearby,255,18,507
nearby,255,19,663
nearby,256,0,87
nearby,256,1,569
nearby,256,2,890
nearby,256,3,497
nearby,256,4,368
nearby,256,5,361
nearby,256,6,58
nearby,256,7,413
nearby,256,8,145
nearby,256,9,592
nearby,256,10,144
nearby,256,11,221
nearby,256,12,292
nearby,256,13,445
nearby,256,14,72
nearby,256,15,941
nearby,256,16,791
nearby,256,17,60
nearby,256,18,218
nearby,256,19,814
nearby,257,0,389
nearby,257,1,810
nearby,257,2,597
nearby,257,3,156
nearby,257,4,190
nearby,257,5,186
nearby,257,6,507
nearby,257,7,725
nearby,257,8,638
nearby,257,9,349
nearby,257,10,86
nearby,257,11,405
nearby,257,12,644
nearby,257,13,947
nearby,257,14,254
nearby,257,15,201
nearby,257,16,391
nearby,257,17,573
nearby,257,18,758
nearby,257,19,826
nearby,258,0,500
nearby,258,1,829
nearby,258,2,643
nearby,258,3,858
nearby,258,4,193
nearby,258,5,191
nearby,258,6,485
nearby,258,7,584
nearby,258,8,370
nearby,258,9,940
nearby,258,10,841
nearby,258,11,820
nearby,258,12,832
nearby,258,13,327
nearby,258,14,565
nearby,258,15,389
nearby,258,16,816
nearby,258,17,677
nearby,258,18,819
nearby,258,19,485
nearby,259,0,81
nearby,259,1,499
nearby,259,2,388
nearby,259,3,812
nearby,259,4,201
nearby,259,5,848
nearby,259,6,823
nearby,259,7,288
nearby,259,8,715
nearby,259,9,650
nearby,259,10,868
nearby,259,11,307
nearby,259,12,322
nearby,259,13,53
nearby,259,14,780
nearby,259,15,360
nearby,259,16,650
nearby,259,17,491
nearby,259,18,711
nearby,259,19,896
nearby,260,0,816
nearby,260,1,443
nearby,260,2,408
nearby,260,3,197
nearby,260,4,316
nearby,260,5,936
nearby,260,6,487
nearby,260,7,792
nearby,260,8,350
nearby,260,9,492
nearby,260,10,287
nearby,260,11,717
nearby,260,12,350
nearby,260,13,201
nearby,260,14,444
nearby,260,15,111
nearby,260,16,579
nearby,260,17,73
nearby,260,18,409
nearby,260,19,289
nearby,261,0,509
nearby,261,1,369
nearby,261,2,890
nearby,261,3,671
nearby,261,4,529
nearby,261,5,444
nearby,261,6,428
nearby,261,7,783
nearby,261,8,170
nearby,261,9,139
nearby,261,10,889
nearby,261,11,649
nearby,261,12,905
nearby,261,13,511
nearby,261,14,508
nearby,261,15,410
nearby,261,16,380
nearby,261,17,399
nearby,261,18,203
nearby,261,19,310
nearby,262,0,808
nearby,262,1,711
nearby,262,2,711
nearby,262,3,500
nearby,262,4,512
nearby,262,5,227
nearby,262,6,85
nearby,262,7,810
nearby,262,8,940
nearby,262,9,604
nearby,262,10,786
nearby,262,11,74
nearby,262,12,667
nearby,262,13,684
nearby,262,14,400
nearby,262,15,174
nearby,262,16,480
nearby,262,17,224
nearby,262,18,522
nearby,262,19,88
nearby,263,0,105
nearby,263,1,897
nearby,263,2,172
nearby,263,3,780
nearby,263,4,432
nearby,263,5,722
nearby,263,6,287
nearby,263,7,529
nearby,263,8,824
nearby,263,9,524
nearby,263,10,52
nearby,263,11,250
nearby,263,12,136
nearby,263,13,219
nearby,263,14,223
nearby,263,15,249
nearby,263,16,384
nearby,263,17,938
nearby,263,18,559
nearby,263,19,856
nearby,264,0,827
nearby,264,1,618
nearby,264,2,152
nearby,264,3,625
nearby,264,4,143
nearby,264,5,933
nearby,264,6,529
nearby,264,7,254
nearby,264,8,400
nearby,264,9,257
nearby,264,10,780
nearby,264,11,144
nearby,264,12,182
nearby,264,13,599
nearby,264,14,576
nearby,264,15,376
nearby,264,16,113
nearby,264,17,199
nearby,264,18,353
nearby,264,19,624
nearby,265,0,515
nearby,265,1,253
nearby,265,2,651
nearby,265,3,450
nearby,265,4,659
nearby,265,5,382
nearby,265,6,814
nearby,265,7,254
nearby,265,8,522
nearby,265,9,535
nearby,265,10,906
nearby,265,11,180
nearby,265,12,350
nearby,265,13,358
nearby,265,14,725
nearby,265,15,441
nearby,265,16,135
nearby,265,17,591
nearby,265,18,921
nearby,265,19,54
nearby,266,0,290
nearby,266,1,354
nearby,266,2,895
nearby,266,3,627
nearby,266,4,399
nearby,266,5,945
nearby,266,6,355
nearby,266,7,311
nearby,266,8,385
nearby,266,9,496
nearby,266,10,756
nearby,266,11,986
nearby,266,12,893
nearby,266,13,80
nearby,266,14,52
nearby,266,15,308
nearby,266,16,414
nearby,266,17,313
nearby,266,18,572
nearby,266,19,599
nearby,267,0,211
nearby,267,1,363
nearby,267,2,501
nearby,267,3,189
nearby,267,4,635
nearby,267,5,891
nearby,267,6,131
nearby,267,7,623
nearby,267,8,493
nearby,267,9,109
nearby,267,10,854
nearby,267,11,572
nearby,267,12,190
nearby,267,13,246
nearby,267,14,206
nearby,267,15,562
nearby,267,16,808
nearby,267,17,365
nearby,267,18,889
nearby,267,19,250
nearby,268,0,63
nearby,268,1,792
nearby,268,2,659
nearby,268,3,400
nearby,268,4,946
nearby,268,5,835
nearby,268,6,724
nearby,268,7,641
nearby,268,8,566
nearby,268,9,180
nearby,268,10,824
nearby,268,11,892
nearby,268,12,199
nearby,268,13,528
nearby,268,14,175
nearby,268,15,563
nearby,268,16,687
nearby,268,17,571
nearby,268,18,314
nearby,268,19,557
